#{"env_id": "BaxterReachEnv-v12", "t_start": 1543862646.7972183}
r,l,t
-118.072355,100,3.421348
-99.548775,100,5.613766
-102.142171,100,7.880335
-95.523906,100,10.122231
-104.845797,100,12.294818
-116.924151,100,14.357543
-100.306335,100,16.561148
-114.745357,100,18.814042
-95.148217,100,20.956854
-94.144824,100,23.294414
-94.711708,100,25.36859
-102.266475,100,27.286595
-99.993178,100,29.381756
-101.546922,100,31.572406
-94.594088,100,33.844764
-87.23129,100,36.093008
-105.087882,100,38.387393
-101.280995,100,40.6889
-95.876844,100,42.82444
-130.757775,100,44.900713
-101.68183,100,46.914905
-127.722634,100,49.080462
-108.696638,100,51.279917
-103.19596,100,53.3
-104.524622,100,55.334758
-91.60918,100,57.514454
-100.712279,100,59.749926
-98.297009,100,61.992313
-100.207133,100,64.123234
-96.036809,100,66.342384
-103.795038,100,68.777672
-94.164027,100,71.158456
-113.030704,100,73.221695
-119.749244,100,75.119063
-97.44677,100,77.213161
-101.52927,100,79.394705
-113.834529,100,81.504441
-111.63113,100,83.516878
-106.005123,100,85.578248
-108.053793,100,87.771806
-106.386263,100,89.988489
-103.143802,100,92.084994
-132.155191,100,94.047197
-99.107927,100,96.062004
-93.536068,100,98.276222
-99.960418,100,100.310272
-100.488242,100,102.364691
-97.414311,100,104.524616
-92.412103,100,106.552517
-94.079585,100,108.61956
-136.128829,100,110.597428
-103.596675,100,113.113905
-98.216949,100,115.247065
-113.616623,100,117.40931
-116.187094,100,119.369498
-90.970014,100,121.528243
-103.940864,100,123.74724
-100.460934,100,126.029479
-95.62924,100,128.141962
-99.17275,100,130.324669
-99.871782,100,132.564318
-95.754104,100,134.876421
-108.614774,100,136.955049
-98.820086,100,139.212719
-91.255915,100,141.344421
-129.049426,100,143.513109
-102.235612,100,145.623524
-88.06136,100,147.700514
-94.725062,100,149.828044
-99.529735,100,152.098392
-103.125883,100,154.19821
-93.512261,100,156.357913
-82.06514,100,158.463241
-109.739789,100,160.530485
-85.103421,100,162.705918
-106.457771,100,164.872662
-108.36935,100,167.078128
-80.420415,100,169.126009
-92.114458,100,171.115329
-84.880143,100,173.475078
-105.584465,100,175.737274
-66.356478,100,178.077384
-85.388226,100,180.404869
-40.57649,100,182.745281
-95.28033,100,185.05091
-96.191856,100,187.285777
-101.853802,100,189.40818
-90.917986,100,191.483342
-87.259918,100,193.851367
-107.588852,100,196.099729
-80.370509,100,198.158921
-87.090045,100,200.397526
-98.627516,100,202.428297
-101.056785,100,204.524971
-94.683047,100,206.702295
-83.88553,100,208.892933
-74.936239,100,211.029485
-58.283841,100,213.214587
-97.066647,100,215.417133
-62.68389,100,217.538934
-94.03867,100,219.625166
-91.3013,100,221.843131
-107.800157,100,224.152871
-93.42163,100,226.187759
-88.83453,100,228.141614
-103.395964,100,230.20789
-88.988693,100,232.430073
-86.497829,100,234.575087
-97.638275,100,236.7807
-89.037126,100,238.894103
-78.959869,100,241.173212
-105.976577,100,243.319987
-96.833953,100,245.484305
-94.289699,100,247.728227
-82.398998,100,249.930969
-101.144561,100,251.904439
-106.089574,100,254.048492
-94.048625,100,256.18558
-98.359471,100,258.346641
-103.157304,100,260.405041
-113.709424,100,262.763056
-95.603382,100,264.79664
-108.012238,100,266.781278
-96.050373,100,268.793606
-98.642423,100,270.855075
-113.44419,100,273.001366
-94.791386,100,275.175907
-88.386359,100,277.309671
-115.228086,100,279.411449
-111.999017,100,281.484557
-111.391925,100,283.554162
-111.025686,100,285.670125
-106.953096,100,287.671958
-91.099926,100,289.814163
-100.77995,100,291.771782
-95.184508,100,293.772461
-98.941868,100,295.817421
-87.605704,100,298.044582
-110.426852,100,300.327521
-110.339814,100,302.400314
-81.814352,100,304.779001
-104.715521,100,307.041212
-64.787573,100,309.3592
-88.881943,100,311.57744
-97.112547,100,313.639207
-105.524359,100,315.683037
-107.046307,100,317.682809
-106.357318,100,319.696518
-121.444595,100,321.728048
-98.956217,100,323.870886
-118.113189,100,325.914678
-99.934468,100,327.953189
-95.280789,100,329.913445
-113.022252,100,332.078963
-115.263661,100,334.058997
-106.380729,100,336.104402
-142.077099,100,338.110724
-136.207832,100,340.239471
-107.520991,100,342.242615
-104.581728,100,344.295184
-82.03138,100,346.367863
-118.169324,100,348.374182
-112.100171,100,350.335482
-104.164547,100,352.495033
-98.748669,100,354.78067
-102.573056,100,356.921126
-94.605109,100,359.003046
-106.12266,100,361.178345
-110.346737,100,363.288433
-97.714417,100,365.271562
-110.6531,100,367.416524
-104.308975,100,369.458094
-107.513733,100,371.505861
-99.379142,100,373.554907
-98.394211,100,375.872063
-73.207797,100,377.872852
-102.226049,100,379.933345
-95.402988,100,381.969316
-80.245528,100,384.083313
-91.461636,100,386.16339
-96.35559,100,388.383629
-98.654298,100,390.524014
-97.374173,100,392.440578
-93.540719,100,394.860739
-97.606588,100,397.143604
-93.847741,100,399.318192
-101.310637,100,401.474721
-101.467367,100,403.745493
-102.532725,100,405.90686
-95.494777,100,408.259281
-98.620755,100,410.549585
-98.260509,100,412.704163
-81.15488,100,415.170367
-99.712317,100,417.330313
-90.223166,100,419.759275
-108.356452,100,422.181417
-107.160929,100,424.397607
-99.716078,100,426.655769
-94.999427,100,428.779133
-91.62857,100,430.999941
-99.753994,100,433.106702
-100.731969,100,435.163906
-99.070793,100,437.26222
-110.981401,100,439.117211
-92.234933,100,441.367098
-126.534079,100,443.875479
-91.845725,100,445.9069
-81.320758,100,448.16307
-93.650682,100,450.289128
-98.90595,100,452.417217
-61.478536,100,454.632846
-98.086827,100,456.808551
-91.142861,100,458.928423
-100.151087,100,461.007126
-98.903621,100,463.222441
-100.284138,100,465.311906
-103.442081,100,467.327938
-124.544797,100,469.426274
-97.975751,100,471.420385
-105.712169,100,473.482808
-82.015233,100,475.840506
-98.618829,100,477.960247
-140.890519,100,480.035878
-92.101298,100,482.079364
-91.40231,100,484.250636
-64.244626,100,486.438025
-112.195554,100,488.665053
-102.741185,100,490.647903
-95.616092,100,492.639721
-122.701445,100,494.813805
-97.501354,100,497.010305
-95.885551,100,499.235675
-125.449978,100,501.505856
-100.184423,100,503.647011
-111.133574,100,505.789324
-102.163508,100,508.013641
-104.264756,100,510.120496
-98.449014,100,512.25832
-99.396761,100,514.362912
-106.22336,100,516.391851
-113.002028,100,518.442952
-100.96777,100,520.630939
-101.550418,100,522.767767
-112.488997,100,524.951882
-112.425367,100,527.100342
-104.400549,100,529.260777
-103.211987,100,531.435235
-101.572176,100,533.474568
-90.307878,100,535.60265
-106.619642,100,537.46563
-104.007003,100,539.537813
-91.168526,100,541.586865
-108.688098,100,543.57088
-109.474497,100,545.520619
-92.894897,100,547.711603
-97.016789,100,549.732714
-110.907303,100,551.760338
-90.95251,100,553.909288
-102.532031,100,555.99176
-97.009522,100,558.083888
-103.150582,100,560.166504
-101.200269,100,562.260831
-99.664874,100,564.456242
-99.591488,100,566.613289
-99.696212,100,568.639475
-84.884687,100,570.822455
-98.261016,100,572.830172
-109.177309,100,575.189644
-100.697785,100,577.301491
-89.436497,100,579.472677
-98.204253,100,581.817784
-99.444712,100,583.795284
-100.998313,100,585.89139
-96.203112,100,587.953815
-124.170339,100,590.032991
-106.248915,100,592.166154
-94.318684,100,594.382241
-116.024916,100,596.748637
-95.672823,100,598.794281
-103.649388,100,600.892071
-96.33575,100,603.061513
-99.354516,100,605.126348
-104.317528,100,607.155667
-114.122417,100,609.14766
-93.745574,100,611.276002
-94.256164,100,613.453272
-104.226197,100,615.629966
-95.732125,100,617.642026
-104.895282,100,619.739476
-108.165775,100,621.864612
-111.730217,100,623.975827
-96.066298,100,626.061502
-121.32154,100,628.024598
-104.077436,100,630.228429
-93.394482,100,632.39499
-101.622584,100,634.373234
-100.259756,100,636.421038
-99.7743,100,638.643143
-95.317838,100,640.733145
-98.324886,100,642.735511
-150.499013,100,644.935827
-101.672495,100,647.150673
-97.174372,100,649.413782
-103.487199,100,651.478243
-138.457424,100,653.485338
-104.776404,100,655.499904
-107.866629,100,657.652235
-114.678018,100,659.745988
-100.626815,100,662.13289
-91.959611,100,664.375792
-98.437289,100,666.408938
-103.518295,100,668.656058
-99.174698,100,670.781389
-126.015627,100,673.000045
-100.89736,100,675.12103
-100.695962,100,677.342484
-139.818039,100,679.561198
-103.970253,100,681.806358
-100.673443,100,684.011526
-96.420664,100,686.064055
-118.034423,100,688.323772
-90.309185,100,690.479159
-117.591064,100,692.430152
-133.034594,100,694.487949
-130.977082,100,696.566945
-95.516125,100,698.743075
-130.138971,100,700.930764
-106.267605,100,703.002557
-96.573919,100,705.163231
-103.276787,100,707.292557
-110.207282,100,709.284497
-106.150058,100,711.454107
-106.661448,100,713.735253
-104.075162,100,715.731789
-105.695497,100,717.895502
-100.496519,100,719.951281
-130.551137,100,722.018626
-81.593287,100,724.45488
-94.573473,100,726.719548
-97.839695,100,728.9606
-106.253922,100,731.041687
-118.08481,100,733.153553
-98.57369,100,735.292725
-95.603193,100,737.413849
-97.266026,100,739.432663
-98.705985,100,741.631901
-65.821324,100,743.706599
-105.637456,100,745.709745
-130.625667,100,747.696841
-115.860784,100,749.796781
-98.115448,100,752.016969
-94.193338,100,753.956177
-104.411763,100,756.119763
-109.255106,100,758.159847
-96.77347,100,760.295775
-109.017232,100,762.362359
-131.33656,100,764.407033
-108.691491,100,766.533538
-117.025913,100,768.431992
-101.335264,100,770.534201
-109.10401,100,772.628155
-99.935662,100,774.884352
-105.062067,100,776.946685
-106.930218,100,778.891063
-101.811243,100,780.946366
-105.453914,100,783.10986
-97.555637,100,785.232614
-78.295146,100,787.469783
-95.844822,100,789.649657
-106.883938,100,791.682629
-81.97911,100,793.649736
-100.008313,100,795.648137
-77.630729,100,797.796509
-111.146481,100,799.970938
-92.14126,100,801.871366
-107.396416,100,803.952866
-102.35579,100,805.919724
-104.56409,100,808.009884
-91.611921,100,810.076501
-108.211888,100,811.975729
-101.714687,100,814.106833
-97.105094,100,816.418642
-99.544106,100,818.505977
-105.385044,100,820.629345
-99.884358,100,822.62919
-93.587221,100,824.661241
-92.806057,100,826.675027
-108.424048,100,828.679134
-107.829604,100,830.804652
-101.869933,100,832.884776
-98.090336,100,835.24459
-97.18788,100,837.503617
-98.147578,100,839.52459
-80.864208,100,841.792777
-98.535852,100,843.854818
-99.453783,100,845.924719
-76.627131,100,848.073801
-90.05096,100,850.047468
-94.41118,100,852.127425
-97.053493,100,854.279934
-73.053096,100,856.566724
-98.221912,100,858.704429
-98.102352,100,860.963524
-103.141921,100,863.006488
-130.042058,100,865.018499
-96.702587,100,867.174295
-94.838427,100,869.212636
-99.397215,100,871.419313
-85.413085,100,873.656923
-93.927787,100,875.955095
-103.007292,100,878.169207
-107.965367,100,880.25805
-91.726054,100,882.586168
-81.493574,100,884.731208
-92.147141,100,887.081728
-91.09925,100,889.213583
-36.936902,100,891.52437
-74.277919,100,893.665637
-98.320121,100,895.810707
-68.070367,100,897.978013
-93.583206,100,900.042013
-51.064646,100,902.194355
-61.910842,100,904.472059
-42.543972,100,906.70029
-88.058669,100,908.771406
-98.167044,100,910.77124
-86.062082,100,912.986763
-98.870463,100,915.056265
-90.940791,100,917.163475
-95.228519,100,919.301031
-105.577592,100,921.608411
-79.511117,100,923.881624
-99.184059,100,926.070922
-82.515804,100,928.263568
-46.146704,100,930.469896
-95.375437,100,932.433211
-92.718735,100,934.556197
-32.722547,100,936.919945
-91.182083,100,939.097716
-82.81707,100,941.189426
-75.325957,100,943.311213
-83.779265,100,945.296701
-73.48992,100,947.630051
-96.310192,100,949.718308
-87.750295,100,951.917765
-61.425306,100,954.131748
-92.618667,100,956.275431
-91.591984,100,958.540359
-80.636402,100,960.899641
-73.204393,100,963.197792
-78.289577,100,965.355574
-94.824681,100,967.73187
-79.417192,100,970.04144
-57.406342,100,972.285236
-81.833545,100,974.475751
-91.31263,100,976.666304
-56.629027,100,978.903636
-83.244716,100,981.117826
-33.73143,100,983.275447
-32.392584,100,985.521775
-66.189893,100,987.782763
-59.951,100,990.064026
-38.567717,100,992.320979
-82.50455,100,994.372395
-71.700517,100,996.772716
-43.850532,100,998.924156
-22.22579,100,1001.083373
-34.31919,100,1003.172966
-93.122182,100,1005.609884
-35.21073,100,1007.759348
-31.784345,100,1009.871655
-51.731135,100,1012.09207
-33.199558,100,1014.548074
-32.381069,100,1016.792222
-30.82218,100,1018.978596
-27.149799,100,1021.288679
-30.45605,100,1023.534924
-33.686932,100,1025.756065
-28.759289,100,1027.962443
-29.940341,100,1030.188598
-28.662208,100,1032.252635
-29.518875,100,1034.408765
-28.20399,100,1036.629264
-37.064576,100,1038.858445
-28.384349,100,1041.086703
-32.88813,100,1043.388424
-32.912009,100,1045.743044
-28.080193,100,1047.906094
-22.959916,100,1050.125122
-22.551151,100,1052.278938
-29.080574,100,1054.71049
-26.772035,100,1056.855415
-30.934961,100,1059.223097
-28.484811,100,1061.317957
-31.826624,100,1063.56893
-28.804053,100,1065.943418
-27.727245,100,1068.006109
-32.422206,100,1070.159057
-49.29266,100,1072.390071
-28.136146,100,1074.546342
-31.302219,100,1076.655516
-29.370382,100,1078.764382
-41.099326,100,1080.920912
-30.393576,100,1083.133454
-33.31209,100,1085.184999
-32.911129,100,1087.431459
-30.267004,100,1089.698008
-40.313875,100,1091.715963
-31.914127,100,1094.028428
-29.835769,100,1096.205477
-30.822138,100,1098.57638
-32.073545,100,1100.589635
-34.143294,100,1102.905609
-30.235804,100,1105.005354
-31.198323,100,1107.272213
-52.583556,100,1109.492357
-28.413874,100,1111.73179
-27.486987,100,1113.88143
-22.648291,100,1116.165058
-31.507532,100,1118.282855
-33.432334,100,1120.518536
-28.997421,100,1122.739105
-28.304531,100,1125.022513
-27.103542,100,1127.315907
-29.297948,100,1129.397165
-30.068429,100,1131.482103
-30.779956,100,1133.640298
-33.249413,100,1135.870826
-34.103535,100,1138.107052
-30.359901,100,1140.022043
-32.971148,100,1142.189182
-27.608572,100,1144.385168
-31.83105,100,1146.575578
-30.577448,100,1148.63877
-31.865112,100,1150.848023
-29.264047,100,1153.211845
-29.780571,100,1155.605656
-31.557259,100,1157.947425
-31.798229,100,1160.341686
-32.618151,100,1162.470863
-26.162943,100,1164.596824
-28.337017,100,1166.972758
-61.710239,100,1169.259306
-30.607547,100,1171.569939
-32.134265,100,1173.63901
-36.949517,100,1175.86175
-33.038436,100,1178.11044
-29.947601,100,1180.342467
-31.04413,100,1182.514974
-40.710254,100,1184.729596
-34.488899,100,1186.821359
-26.782268,100,1189.06175
-35.945408,100,1191.365366
-38.580607,100,1193.580382
-49.428807,100,1195.914001
-30.053692,100,1197.972878
-32.587004,100,1200.065671
-31.244002,100,1202.431559
-24.139964,100,1204.746627
-31.653341,100,1206.947223
-28.360947,100,1209.050138
-29.266647,100,1211.386271
-27.087953,100,1213.452546
-32.144833,100,1215.751597
-33.032799,100,1217.952664
-33.930959,100,1220.099897
-28.877761,100,1222.267924
-33.713572,100,1224.455578
-30.139428,100,1226.693478
-28.57103,100,1229.098705
-24.331069,100,1231.228316
-32.379444,100,1233.534125
-31.829616,100,1235.786873
-31.428471,100,1237.987251
-28.40271,100,1240.33034
-27.199561,100,1242.502602
-30.807049,100,1244.760273
-31.217368,100,1246.994838
-50.340355,100,1249.030926
-29.855029,100,1251.218303
-31.530868,100,1253.305359
-31.111705,100,1255.541837
-30.560359,100,1257.697291
-32.819691,100,1259.776343
-32.898125,100,1261.936108
-33.415141,100,1264.135066
-34.262493,100,1266.403727
-59.243757,100,1268.825279
-34.695309,100,1271.060854
-35.977705,100,1273.30061
-27.992504,100,1275.674644
-32.325104,100,1277.783437
-27.927015,100,1279.873457
-26.328743,100,1282.094068
-36.429131,100,1284.432152
-38.461318,100,1286.63747
-33.697894,100,1288.973597
-35.393562,100,1291.102593
-37.194277,100,1293.247255
-37.856718,100,1295.37963
-35.699182,100,1297.449477
-33.761918,100,1299.608816
-38.109708,100,1301.660694
-35.22387,100,1303.912211
-46.718146,100,1306.042819
-30.475043,100,1308.412012
-36.377425,100,1310.429562
-32.785544,100,1312.456582
-47.110518,100,1314.64702
-30.362831,100,1316.878151
-27.05531,100,1319.106878
-35.131472,100,1321.030354
-29.822288,100,1323.151646
-27.098838,100,1325.267063
-32.963849,100,1327.560574
-30.085947,100,1329.936465
-58.74352,100,1332.129205
-30.214779,100,1334.214894
-33.390901,100,1336.387798
-31.480515,100,1338.58924
-27.420517,100,1341.074256
-28.8447,100,1343.404162
-29.656101,100,1345.681544
-30.34608,100,1347.878927
-33.587969,100,1350.008174
-29.404832,100,1351.970568
-28.205362,100,1354.129696
-31.502097,100,1356.360297
-27.036163,100,1358.468676
-29.177339,100,1360.485445
-29.694046,100,1362.589443
-29.079001,100,1364.693394
-29.082451,100,1366.845949
-30.890795,100,1368.877501
-29.477431,100,1371.100888
-31.458767,100,1373.08594
-29.686994,100,1375.097468
-30.523733,100,1377.397078
-28.767926,100,1379.593608
-30.213376,100,1381.85202
-40.086823,100,1383.921511
-31.996745,100,1385.80854
-32.101123,100,1387.88555
-28.215843,100,1390.085588
-27.229388,100,1392.156283
-35.103682,100,1394.040053
-38.156543,100,1396.056459
-32.76932,100,1398.265123
-34.698292,100,1400.289706
-34.677102,100,1402.277665
-36.954731,100,1404.255638
-33.780886,100,1406.429452
-32.755771,100,1408.571885
-32.150309,100,1410.617262
-31.889461,100,1412.735979
-36.027704,100,1414.793245
-35.422031,100,1416.917181
-33.298203,100,1418.88961
-34.661722,100,1421.111073
-25.82055,100,1423.073022
-32.373986,100,1425.177314
-43.960204,100,1427.305455
-40.100498,100,1429.195617
-39.277424,100,1431.291788
-44.620728,100,1433.353563
-54.304048,100,1435.657888
-64.328528,100,1437.700005
-53.876483,100,1439.653147
-50.728162,100,1441.621454
-52.705754,100,1443.600571
-67.086835,100,1445.532624
-70.346904,100,1447.393618
-68.390313,100,1449.47331
-60.297076,100,1451.485603
-128.104078,100,1453.69278
-70.982479,100,1455.792127
-82.806801,100,1457.926817
-71.084025,100,1459.868644
-84.350864,100,1461.910627
-108.377873,100,1464.032592
-46.212951,100,1466.012387
-52.196987,100,1467.940517
-57.194702,100,1469.877321
-69.146072,100,1471.849967
-62.516326,100,1473.828581
-55.491397,100,1475.919386
-104.979564,100,1477.860633
-70.304179,100,1479.968915
-59.320851,100,1482.035798
-46.938972,100,1484.158036
-78.783365,100,1486.159909
-68.28355,100,1488.2367
-75.55748,100,1490.569509
-79.8606,100,1492.499261
-112.012772,100,1494.351857
-113.256344,100,1496.302423
-80.502435,100,1498.393142
-78.765928,100,1500.393291
-95.132094,100,1502.597985
-83.310336,100,1504.543613
-59.727756,100,1506.493444
-85.860897,100,1508.408189
-95.585293,100,1510.392536
-103.264578,100,1512.264708
-80.780181,100,1514.338836
-83.335037,100,1516.327127
-86.973667,100,1518.309605
-95.709625,100,1520.338532
-81.012142,100,1522.418514
-81.654085,100,1524.34905
-103.30389,100,1526.53845
-119.373153,100,1528.749203
-95.072652,100,1530.621894
-104.296832,100,1532.550888
-115.362065,100,1534.450531
-129.678785,100,1536.315927
-121.342155,100,1538.042055
-114.714137,100,1539.933828
-116.901677,100,1541.924904
-125.681847,100,1543.889611
-118.076759,100,1545.692312
-96.699341,100,1547.549477
-100.941344,100,1549.655569
-107.095288,100,1551.521003
-109.558392,100,1553.411725
-115.628871,100,1555.300527
-101.824087,100,1557.381823
-103.179538,100,1559.456809
-107.675635,100,1561.332068
-96.484567,100,1563.614157
-88.480067,100,1565.669527
-103.472196,100,1567.666408
-89.724274,100,1569.498017
-101.867027,100,1571.5729
-66.905377,100,1573.614467
-98.694852,100,1575.536264
-87.559579,100,1577.462527
-80.148093,100,1579.324788
-78.588302,100,1581.22034
-70.420257,100,1583.250724
-70.534104,100,1585.186114
-78.681116,100,1587.246739
-62.223634,100,1589.224809
-85.260836,100,1591.184025
-74.907122,100,1593.139004
-103.587774,100,1594.984935
-100.856968,100,1597.032445
-87.930633,100,1599.098667
-105.923552,100,1601.059273
-109.542582,100,1602.848909
-106.421118,100,1604.790455
-110.227835,100,1606.772324
-106.584692,100,1608.718562
-98.860619,100,1610.730738
-115.124042,100,1612.524826
-129.410043,100,1614.645367
-123.576032,100,1616.562756
-138.398152,100,1618.367619
-114.054654,100,1620.163965
-127.610682,100,1622.08823
-111.930721,100,1623.892119
-116.45405,100,1625.835167
-121.551862,100,1627.660486
-114.208415,100,1629.613778
-124.990238,100,1631.439725
-119.346602,100,1633.433605
-119.367441,100,1635.396373
-143.867574,100,1637.333771
-135.801869,100,1639.364883
-126.279035,100,1641.345149
-133.054675,100,1643.225074
-125.477296,100,1645.129602
-135.98807,100,1647.206235
-135.999414,100,1649.208088
-137.06425,100,1651.160577
-129.888207,100,1653.148224
-140.455067,100,1655.098392
-142.855784,100,1657.017205
-116.843264,100,1658.892378
-121.924156,100,1660.978655
-136.465424,100,1662.890849
-142.410734,100,1664.779925
-128.716307,100,1666.678416
-136.904526,100,1668.483168
-113.54115,100,1670.473495
-116.791453,100,1672.370303
-142.100613,100,1674.398246
-105.689961,100,1676.614725
-127.815009,100,1678.513131
-132.08826,100,1680.711692
-127.727171,100,1682.609387
-134.448613,100,1684.426944
-120.531945,100,1686.388383
-111.085831,100,1688.374332
-109.785461,100,1690.177689
-112.99308,100,1692.048022
-120.698314,100,1693.907443
-119.656256,100,1695.834465
-113.750576,100,1697.761663
-108.474086,100,1699.713474
-129.004509,100,1701.551949
-117.821317,100,1703.504931
-128.203952,100,1705.413101
-119.873233,100,1707.387348
-114.894847,100,1709.354359
-114.715954,100,1711.40097
-119.567664,100,1713.33821
-110.665805,100,1715.21236
-96.612931,100,1717.077368
-106.704465,100,1718.972771
-108.388833,100,1720.968497
-101.50523,100,1723.013977
-108.407353,100,1725.075843
-110.538505,100,1727.009513
-117.015522,100,1728.851375
-109.611237,100,1730.893358
-100.307276,100,1732.798857
-108.455737,100,1734.631753
-95.089114,100,1736.761417
-119.767281,100,1738.647855
-121.223464,100,1740.477573
-92.397758,100,1742.43064
-99.527333,100,1744.286132
-127.086504,100,1746.249953
-98.01545,100,1748.120796
-103.265044,100,1750.078205
-95.891693,100,1752.155438
-103.322723,100,1754.218928
-109.637277,100,1756.154856
-101.770653,100,1758.022455
-119.780077,100,1759.869861
-115.149358,100,1761.796742
-99.871771,100,1763.819651
-96.079461,100,1765.728878
-111.945779,100,1767.500386
-100.442609,100,1769.411271
-108.912015,100,1771.260321
-100.369435,100,1773.096781
-101.867018,100,1775.209412
-105.585305,100,1776.943551
-100.123141,100,1778.697317
-118.413393,100,1780.588108
-106.648669,100,1782.575354
-106.105368,100,1784.579551
-95.032419,100,1786.541993
-100.986774,100,1788.31805
-105.891467,100,1790.161726
-103.07349,100,1792.019212
-87.02292,100,1793.958927
-70.392434,100,1796.053872
-119.77548,100,1797.920512
-83.841341,100,1799.691738
-100.832233,100,1801.640458
-80.399182,100,1803.503481
-88.837286,100,1805.42111
-115.579023,100,1807.429465
-104.695974,100,1809.442545
-100.527746,100,1811.528915
-95.929073,100,1813.569618
-98.720441,100,1815.519542
-116.658405,100,1817.43744
-78.077777,100,1819.386028
-113.662014,100,1821.182022
-99.853615,100,1823.206929
-98.663762,100,1825.190789
-102.821579,100,1827.135047
-97.33158,100,1829.145903
-107.609791,100,1831.267067
-78.585828,100,1833.12523
-101.246617,100,1835.145061
-95.110157,100,1837.12742
-111.441176,100,1839.120235
-136.502841,100,1840.891003
-110.229099,100,1842.775344
-94.670399,100,1844.848492
-119.779095,100,1846.738432
-112.41727,100,1848.83059
-91.369694,100,1850.807704
-94.178794,100,1852.749003
-104.779486,100,1854.654371
-108.862598,100,1856.803083
-95.839403,100,1858.723695
-97.025494,100,1860.728753
-110.240853,100,1862.752594
-119.079729,100,1864.626298
-110.520668,100,1866.75059
-94.197111,100,1868.808368
-110.674735,100,1870.682517
-109.051623,100,1872.708623
-117.67608,100,1874.754874
-116.768051,100,1876.776831
-115.434692,100,1878.802848
-112.028369,100,1880.748852
-103.867632,100,1882.787125
-113.1914,100,1884.818644
-105.775683,100,1886.837273
-146.071587,100,1888.922107
-107.027136,100,1891.105847
-102.109085,100,1893.039716
-100.824532,100,1895.03808
-113.778039,100,1897.01805
-109.140995,100,1898.994978
-113.299012,100,1900.973749
-101.427142,100,1902.836048
-100.842433,100,1904.687182
-105.603314,100,1906.672898
-108.144307,100,1908.666819
-136.163939,100,1910.540583
-119.25688,100,1912.585284
-91.844284,100,1914.571509
-102.143489,100,1916.53531
-105.68252,100,1918.539219
-109.093625,100,1920.332422
-138.923605,100,1922.125535
-121.284987,100,1924.167336
-114.731318,100,1926.133234
-110.518432,100,1928.188182
-124.185906,100,1930.078942
-100.556546,100,1931.972263
-124.336879,100,1933.821317
-142.70029,100,1935.723992
-119.890056,100,1937.599406
-122.029664,100,1939.539875
-123.403276,100,1941.487873
-126.325049,100,1943.615134
-118.071061,100,1945.454364
-119.82475,100,1947.356117
-110.933989,100,1949.224853
-114.725286,100,1951.053047
-119.148998,100,1952.999209
-128.920186,100,1954.887439
-112.64907,100,1956.806259
-129.606869,100,1958.704498
-148.25138,100,1960.766344
-114.888819,100,1962.700617
-113.92455,100,1964.584192
-129.358987,100,1966.725504
-131.636579,100,1968.644455
-139.698753,100,1970.735908
-152.743193,100,1972.789081
-124.40187,100,1974.859672
-139.471263,100,1976.812818
-115.725184,100,1978.728013
-118.672315,100,1980.698257
-120.244363,100,1982.871125
-107.526396,100,1984.775719
-113.988077,100,1986.913953
-147.881528,100,1988.981327
-140.430216,100,1991.126494
-110.70077,100,1993.237334
-128.588324,100,1995.43754
-106.880218,100,1997.444137
-116.604749,100,1999.492134
-140.094498,100,2001.657996
-145.898562,100,2003.758427
-138.836021,100,2005.776483
-74.629778,100,2007.789673
-124.737187,100,2009.704212
-105.838334,100,2011.817678
-95.194323,100,2013.794423
-122.312059,100,2015.723361
-117.282359,100,2017.564217
-105.254248,100,2019.566425
-118.089656,100,2021.409487
-111.584813,100,2023.399223
-96.015711,100,2025.492105
-101.402685,100,2027.433832
-122.513515,100,2029.436231
-113.431802,100,2031.395985
-117.545165,100,2033.321169
-103.362757,100,2035.341138
-129.299759,100,2037.462917
-88.969514,100,2039.499772
-125.663176,100,2041.585328
-105.693884,100,2043.660526
-87.237116,100,2045.782277
-122.93961,100,2047.704248
-111.22173,100,2049.863205
-74.22179,100,2051.929688
-148.067881,100,2053.876006
-96.837658,100,2055.999411
-108.421924,100,2058.14512
-100.969696,100,2060.129857
-94.200745,100,2062.293966
-101.276242,100,2064.337398
-86.931605,100,2066.219324
-113.139417,100,2068.346817
-130.309601,100,2070.355377
-89.792744,100,2072.431056
-80.857558,100,2074.722698
-107.673487,100,2076.780587
-108.48658,100,2078.965453
-111.202233,100,2081.031108
-134.150511,100,2083.05618
-128.377429,100,2085.043154
-134.142798,100,2087.322148
-98.618313,100,2089.362718
-118.07822,100,2091.589815
-113.818299,100,2093.83859
-119.583422,100,2095.774327
-112.521266,100,2097.931052
-107.225845,100,2100.198598
-119.289946,100,2102.367036
-112.331755,100,2104.702717
-116.499508,100,2106.651439
-121.137143,100,2108.629651
-117.995729,100,2110.774459
-136.654943,100,2112.851054
-109.897162,100,2114.866375
-120.831392,100,2117.010366
-119.076988,100,2119.067771
-105.655121,100,2121.134407
-119.43436,100,2123.269801
-133.055531,100,2125.273309
-128.728707,100,2127.240867
-144.120649,100,2129.363639
-124.698781,100,2131.457711
-115.382367,100,2133.612758
-130.26749,100,2135.830164
-130.604075,100,2137.785777
-119.925776,100,2139.80864
-112.331707,100,2141.791548
-119.152615,100,2143.966469
-137.481841,100,2145.972865
-93.419947,100,2148.112576
-119.514103,100,2150.025198
-137.43213,100,2151.974317
-119.658463,100,2154.146435
-129.272299,100,2156.356641
-101.997713,100,2158.565588
-121.893174,100,2160.787175
-121.539989,100,2162.699358
-115.678648,100,2164.696194
-127.023866,100,2166.718312
-116.383449,100,2168.701952
-93.843833,100,2170.641517
-114.361025,100,2172.537268
-99.625404,100,2174.401203
-85.756914,100,2176.506134
-124.522251,100,2178.611294
-126.361533,100,2180.69408
-128.618547,100,2182.672172
-127.651424,100,2184.764792
-128.672665,100,2186.713811
-143.799298,100,2188.889524
-124.326676,100,2191.012362
-122.168533,100,2192.954004
-119.682983,100,2195.020358
-121.653642,100,2197.062298
-125.615239,100,2199.076232
-130.918178,100,2201.056614
-117.874884,100,2203.150272
-111.746638,100,2205.167004
-118.581824,100,2207.375543
-122.969223,100,2209.583604
-123.114638,100,2211.513152
-117.982176,100,2213.66872
-142.008327,100,2215.632849
-135.616068,100,2217.899066
-115.463365,100,2219.938613
-143.435619,100,2221.988792
-123.823166,100,2224.122486
-114.115905,100,2226.143028
-111.054989,100,2228.291931
-120.134449,100,2230.176957
-127.071962,100,2232.229618
-121.952309,100,2234.314103
-103.1525,100,2236.401457
-119.54463,100,2238.429965
-91.449301,100,2240.448231
-103.735243,100,2242.554267
-149.396187,100,2244.670295
-120.407048,100,2246.757694
-101.324962,100,2248.919096
-119.129409,100,2250.818644
-120.282173,100,2252.857676
-147.02778,100,2254.83984
-113.29797,100,2256.812363
-111.126285,100,2258.949382
-113.067908,100,2261.038593
-122.50902,100,2263.102561
-107.500162,100,2264.973884
-115.734875,100,2267.091131
-103.289884,100,2269.101737
-109.230406,100,2271.242471
-114.07412,100,2273.168416
-125.861018,100,2275.082323
-118.379286,100,2277.110835
-113.451058,100,2278.973863
-139.546351,100,2281.08816
-115.900459,100,2283.216961
-109.927544,100,2285.369045
-104.791996,100,2287.494043
-120.04546,100,2289.418989
-84.351017,100,2291.572755
-105.885778,100,2293.525257
-67.70356,100,2295.912217
-113.027353,100,2297.996871
-116.937994,100,2300.178897
-122.612238,100,2302.285829
-124.038628,100,2304.207748
-100.862126,100,2306.353308
-116.658067,100,2308.43808
-114.894287,100,2310.589235
-143.260946,100,2312.646458
-117.690457,100,2314.479773
-114.470584,100,2316.495036
-120.872225,100,2318.532602
-122.749425,100,2320.75814
-89.984749,100,2322.953006
-127.754305,100,2325.047403
-105.774814,100,2327.111394
-97.571643,100,2329.113932
-108.988685,100,2330.991082
-109.230703,100,2332.976962
-145.328737,100,2334.978861
-112.721396,100,2337.029176
-122.187213,100,2339.165179
-116.068737,100,2341.219823
-128.449302,100,2343.233729
-102.374329,100,2345.292683
-116.502728,100,2347.211694
-108.80493,100,2349.353601
-109.283044,100,2351.593011
-105.073161,100,2353.787966
-117.375965,100,2355.95917
-101.444212,100,2357.932522
-65.139906,100,2359.986947
-89.657459,100,2362.022571
-106.127709,100,2364.047997
-114.224223,100,2366.252304
-117.812947,100,2368.316023
-113.788612,100,2370.290405
-101.618486,100,2372.367325
-108.255026,100,2374.462676
-105.846964,100,2376.409686
-101.453043,100,2378.493781
-41.622662,100,2380.58413
-38.687714,100,2382.878818
-104.585771,100,2385.166931
-58.0973,100,2387.430012
-109.04801,100,2389.553108
-103.490113,100,2391.631472
-105.002834,100,2394.068636
-98.053395,100,2396.177733
-59.659907,100,2398.204426
-114.315432,100,2400.409171
-129.553322,100,2402.444058
-74.582108,100,2404.580528
-76.861672,100,2406.646326
-38.195426,100,2408.98672
-56.954987,100,2411.133035
-65.221225,100,2413.159998
-31.966214,100,2415.599469
-36.812504,100,2417.823712
-37.736327,100,2420.174327
-68.515338,100,2422.36335
-67.976918,100,2424.530591
-78.268851,100,2426.676888
-87.665401,100,2428.608217
-83.984228,100,2430.633799
-57.630649,100,2432.709229
-112.124414,100,2434.826133
-107.686596,100,2436.776029
-57.571397,100,2438.949912
-88.225121,100,2441.056324
-87.35404,100,2443.187225
-90.47227,100,2445.412621
-93.394697,100,2447.406661
-104.421704,100,2449.562953
-123.766314,100,2451.694044
-100.740416,100,2453.830646
-106.394256,100,2455.949617
-112.32628,100,2458.102511
-95.63424,100,2460.095096
-118.274529,100,2462.116087
-123.671404,100,2464.235688
-111.564114,100,2466.329625
-112.102013,100,2468.433863
-43.304974,100,2470.611729
-102.763535,100,2472.677816
-109.141499,100,2474.829565
-106.100061,100,2477.048912
-33.614089,100,2479.091895
-124.88704,100,2481.351258
-112.00582,100,2483.497522
-113.998116,100,2485.610397
-87.180793,100,2487.700225
-99.694394,100,2489.877966
-82.85787,100,2492.132528
-84.764864,100,2494.250268
-69.558069,100,2496.587156
-101.316383,100,2498.744165
-64.968051,100,2500.92802
-52.772535,100,2503.051529
-79.084072,100,2505.326649
-84.251736,100,2507.521632
-62.773689,100,2509.651474
-29.518671,100,2511.926114
-50.448424,100,2514.059149
-109.064751,100,2516.217063
-81.441983,100,2518.306322
-50.436582,100,2520.472474
-82.235204,100,2522.763936
-121.800976,100,2525.055564
-100.058077,100,2527.256864
-79.050073,100,2529.589326
-89.378093,100,2532.054391
-93.936708,100,2534.18749
-72.944026,100,2536.37543
-79.557832,100,2538.449327
-74.036793,100,2540.661128
-82.279725,100,2542.878911
-43.59598,100,2545.276932
-88.987684,100,2547.404185
-95.289762,100,2549.471223
-85.492617,100,2551.806576
-84.298803,100,2554.308145
-79.768738,100,2556.488781
-77.899059,100,2558.754001
-50.164404,100,2561.017952
-87.224678,100,2563.290951
-82.480005,100,2565.59603
-101.771218,100,2567.884901
-101.681037,100,2570.084321
-89.841866,100,2572.116444
-97.096227,100,2574.303972
-97.269183,100,2576.463711
-90.110457,100,2578.89732
-101.226151,100,2581.034914
-97.852712,100,2583.863312
-122.599688,100,2586.234142
-100.936409,100,2588.42335
-94.163354,100,2590.683236
-68.697472,100,2593.002447
-80.596513,100,2595.332876
-107.57886,100,2597.418706
-95.519355,100,2599.553774
-77.560385,100,2601.958458
-72.361886,100,2604.241772
-63.543495,100,2606.702514
-124.872673,100,2608.659796
-118.596369,100,2610.770401
-86.473172,100,2612.937411
-77.120725,100,2615.154986
-84.026952,100,2617.199271
-53.684207,100,2619.792595
-66.265252,100,2622.280692
-93.684317,100,2624.474838
-52.336401,100,2626.620703
-69.823378,100,2629.283191
-75.796665,100,2631.50546
-30.243488,100,2633.696732
-35.09387,100,2636.168473
-59.075532,100,2638.555227
-69.37884,100,2640.919153
-86.059642,100,2643.205868
-31.8887,100,2645.371305
-36.247678,100,2647.679622
-38.947128,100,2649.979083
-59.162941,100,2652.346459
-62.131072,100,2654.645381
-34.318322,100,2657.00476
-35.479352,100,2659.277669
-29.284152,100,2661.24644
-29.828414,100,2663.43381
-45.179245,100,2665.936295
-58.584282,100,2668.345114
-47.896317,100,2670.756384
-29.216673,100,2673.027379
-47.42238,100,2675.424881
-30.094326,100,2677.658876
-65.515005,100,2679.941987
-31.564805,100,2682.365979
-26.108725,100,2684.738599
-40.808122,100,2687.030533
-26.388628,100,2689.146029
-27.798991,100,2691.302142
-29.360023,100,2693.489283
-42.535084,100,2695.682627
-36.48932,100,2697.861701
-25.426745,100,2700.219478
-50.007315,100,2702.602577
-28.889419,100,2704.859705
-26.608789,100,2706.996214
-25.457439,100,2709.252326
-39.934606,100,2711.638274
-42.500816,100,2713.898381
-29.881622,100,2715.995362
-65.327203,100,2718.277696
-35.691786,100,2720.464593
-57.043335,100,2722.792111
-29.091826,100,2725.054286
-40.292273,100,2727.358131
-43.403995,100,2729.747193
-44.8972,100,2732.14884
-41.565231,100,2734.489016
-72.079615,100,2736.849288
-48.442355,100,2739.314678
-31.484956,100,2741.500306
-26.927617,100,2743.752271
-48.192212,100,2746.221427
-46.764773,100,2748.446144
-59.158021,100,2750.853593
-27.216158,100,2753.254608
-28.801059,100,2755.33908
-30.056749,100,2757.654168
-60.478012,100,2759.905898
-24.695567,100,2762.146236
-29.669835,100,2764.389912
-27.540927,100,2766.538715
-68.545684,100,2768.793411
-70.198033,100,2771.152453
-48.053221,100,2773.47931
-65.138758,100,2775.869784
-41.029735,100,2778.144365
-40.432195,100,2780.402408
-30.495058,100,2782.744759
-29.947627,100,2784.8332
-38.965524,100,2786.969777
-67.117134,100,2789.355549
-61.499758,100,2791.515916
-78.199981,100,2793.985924
-75.61372,100,2796.332386
-57.55051,100,2798.567816
-47.694898,100,2800.852794
-71.732747,100,2803.210469
-62.686327,100,2805.550421
-76.100021,100,2807.874001
-72.361022,100,2810.461172
-57.377449,100,2813.109896
-67.627873,100,2815.494932
-35.484471,100,2817.605974
-38.714034,100,2819.86935
-48.511993,100,2822.086518
-59.579036,100,2824.300392
-65.310039,100,2826.582746
-26.539064,100,2828.795699
-26.652911,100,2831.042377
-27.521443,100,2833.303813
-24.928686,100,2835.434417
-27.27477,100,2837.571038
-39.508284,100,2839.716673
-27.076083,100,2841.754625
-28.028978,100,2843.817215
-80.790491,100,2846.011763
-26.687093,100,2848.193808
-26.605641,100,2850.353224
-28.518813,100,2852.443405
-46.233654,100,2854.664779
-56.397874,100,2857.072498
-26.270539,100,2859.32528
-27.25674,100,2861.642847
-28.542969,100,2863.882752
-25.098564,100,2866.221791
-26.873201,100,2868.405224
-28.754467,100,2870.681595
-26.756644,100,2872.922223
-25.590161,100,2875.265817
-25.118092,100,2877.382923
-29.422551,100,2879.604851
-27.819215,100,2881.796026
-24.600564,100,2884.162805
-25.33338,100,2886.403803
-29.41165,100,2888.527249
-27.554979,100,2890.736506
-27.564201,100,2892.893306
-36.477125,100,2895.09064
-27.315826,100,2897.182776
-27.482786,100,2899.285093
-30.07135,100,2901.569048
-28.378753,100,2903.774423
-28.47443,100,2906.069406
-24.829753,100,2908.340311
-27.191876,100,2910.750574
-29.606031,100,2912.975461
-27.799084,100,2915.097871
-29.625532,100,2917.403448
-50.460771,100,2919.472927
-28.230715,100,2921.781808
-25.17855,100,2923.972046
-28.351713,100,2926.409474
-28.052317,100,2928.88872
-29.046343,100,2931.255759
-34.49758,100,2933.524857
-45.949421,100,2935.761425
-41.375425,100,2937.844821
-26.370474,100,2940.133159
-27.125439,100,2942.597337
-26.958338,100,2944.724611
-27.703303,100,2946.941927
-28.753867,100,2949.152213
-28.642572,100,2951.205099
-28.754715,100,2953.35635
-28.249319,100,2955.517331
-28.80281,100,2957.650531
-29.916078,100,2959.757267
-25.92111,100,2962.094172
-29.275247,100,2964.339943
-29.11964,100,2966.608901
-29.577854,100,2968.759574
-63.199438,100,2970.917614
-28.012705,100,2973.115212
-28.614642,100,2975.123725
-29.021209,100,2977.119618
-27.540548,100,2979.181166
-25.919975,100,2981.243504
-28.277254,100,2983.324765
-50.671144,100,2985.677842
-27.864903,100,2987.906805
-28.333013,100,2990.190733
-26.899686,100,2992.412311
-27.867567,100,2994.691226
-27.264349,100,2997.006881
-27.888723,100,2999.072008
-29.33742,100,3001.22554
-43.432027,100,3003.521406
-29.188071,100,3005.775615
-29.18569,100,3007.902983
-29.800723,100,3010.124525
-26.244121,100,3012.317796
-28.69929,100,3014.416245
-29.779926,100,3016.797523
-28.570895,100,3019.013736
-27.288235,100,3021.411026
-28.126991,100,3023.52193
-29.619076,100,3025.56961
-27.446407,100,3027.676585
-30.226645,100,3029.885846
-28.877024,100,3031.987003
-28.331699,100,3034.085998
-29.404173,100,3036.319886
-27.719696,100,3038.52486
-29.146542,100,3040.754208
-27.415311,100,3043.037088
-27.936554,100,3045.363354
-28.913475,100,3047.628786
-27.637489,100,3050.042248
-28.236977,100,3052.348513
-29.003272,100,3054.479688
-28.870596,100,3056.728228
-30.369123,100,3059.007082
-28.491436,100,3061.214111
-28.213847,100,3063.49453
-28.612944,100,3065.783754
-27.696236,100,3068.001825
-30.446385,100,3070.177318
-28.690367,100,3072.229627
-29.027331,100,3074.452442
-28.228133,100,3076.581971
-27.955665,100,3078.80591
-28.78992,100,3081.073613
-28.288707,100,3083.256999
-29.062212,100,3085.323814
-29.070815,100,3087.639238
-28.101199,100,3089.816923
-28.116041,100,3092.043562
-28.268188,100,3094.330088
-28.918178,100,3096.561715
-29.586943,100,3098.87611
-26.090711,100,3101.001446
-28.637366,100,3103.172197
-28.861856,100,3105.441552
-33.800177,100,3107.4618
-30.160266,100,3109.716941
-29.16083,100,3111.942446
-30.36421,100,3114.337728
-28.872245,100,3116.600202
-28.77817,100,3118.588178
-30.260384,100,3120.658266
-26.744491,100,3122.774236
-28.510865,100,3124.869631
-29.32253,100,3127.098256
-27.259361,100,3129.153146
-28.678671,100,3131.273113
-27.4569,100,3133.374069
-30.8315,100,3135.444795
-34.802899,100,3137.469685
-28.248942,100,3139.556049
-28.395482,100,3141.866241
-27.098601,100,3143.970005
-27.142199,100,3146.06228
-28.671378,100,3148.157989
-28.892173,100,3150.316349
-30.738602,100,3152.585141
-29.740598,100,3154.841769
-32.26105,100,3157.049884
-28.055188,100,3159.497387
-26.918151,100,3161.858675
-28.965565,100,3164.135628
-26.982918,100,3166.386686
-28.754191,100,3168.648161
-26.258834,100,3170.644043
-28.492458,100,3172.721337
-25.335827,100,3174.832046
-28.26728,100,3177.086298
-77.6493,100,3179.380867
-36.381262,100,3181.613002
-58.20206,100,3184.029199
-72.192067,100,3186.10289
-25.186047,100,3188.421415
-23.714211,100,3190.624587
-27.891126,100,3192.749145
-34.742889,100,3194.884668
-29.310852,100,3196.952645
-49.616072,100,3199.174944
-35.1476,100,3201.260156
-30.151911,100,3203.451102
-29.946686,100,3205.620926
-61.689463,100,3207.784904
-26.045019,100,3209.943293
-27.900987,100,3212.094365
-29.150969,100,3214.202962
-26.961509,100,3216.344247
-30.200509,100,3218.450414
-28.498241,100,3220.749056
-30.416653,100,3222.979187
-26.336434,100,3225.050196
-28.996225,100,3227.117026
-28.248908,100,3229.351057
-32.604258,100,3231.400871
-31.654635,100,3233.581976
-31.007365,100,3235.961991
-28.963228,100,3238.224309
-30.981812,100,3240.253587
-42.015185,100,3242.442345
-28.647428,100,3244.638097
-33.502432,100,3246.705129
-32.415818,100,3248.924644
-26.108745,100,3250.958246
-33.998136,100,3253.131834
-34.811365,100,3255.233811
-29.754812,100,3257.307297
-31.814898,100,3259.460663
-33.828633,100,3261.666578
-37.750425,100,3263.907791
-34.898299,100,3266.040611
-32.340278,100,3268.296138
-33.629416,100,3270.429284
-32.724928,100,3272.490369
-33.111018,100,3274.634398
-34.597711,100,3276.683098
-69.259458,100,3278.705214
-57.753778,100,3280.896897
-31.010615,100,3283.134801
-76.073022,100,3285.601142
-30.505334,100,3287.669937
-57.941712,100,3289.992889
-31.77231,100,3292.328956
-26.790116,100,3294.656721
-30.931253,100,3296.81529
-29.910103,100,3298.953383
-48.619547,100,3301.207936
-31.499565,100,3303.392826
-33.088091,100,3305.47014
-31.498623,100,3307.62551
-32.380048,100,3309.957254
-33.073063,100,3312.008967
-30.027099,100,3314.284035
-34.378799,100,3316.513302
-30.486875,100,3318.620669
-31.541839,100,3320.930557
-43.011787,100,3323.074524
-42.799391,100,3325.162341
-32.762584,100,3327.363124
-36.06404,100,3329.411704
-33.745552,100,3331.500337
-45.775713,100,3333.545829
-42.01547,100,3335.716377
-33.016117,100,3338.091732
-32.510225,100,3340.312196
-37.072693,100,3342.361709
-34.076789,100,3344.639148
-33.77316,100,3346.837631
-39.284924,100,3348.998766
-37.04226,100,3351.336222
-37.229766,100,3353.593153
-34.604378,100,3355.839811
-74.094371,100,3358.048167
-38.714549,100,3360.160393
-34.0633,100,3362.291825
-37.60462,100,3364.435737
-35.537661,100,3366.513026
-34.084592,100,3368.492593
-35.403489,100,3370.675913
-36.710995,100,3372.900274
-34.557137,100,3375.212498
-58.206517,100,3377.417836
-73.032825,100,3379.678238
-39.487578,100,3382.011955
-36.295258,100,3384.06583
-36.434919,100,3386.390801
-42.783253,100,3388.51701
-44.884942,100,3390.539606
-56.036883,100,3392.785663
-43.907998,100,3394.684722
-39.380065,100,3396.769003
-64.464632,100,3399.240041
-62.162536,100,3401.4075
-41.185742,100,3403.658883
-38.819812,100,3405.909398
-48.450431,100,3407.911476
-39.440968,100,3410.037433
-40.306062,100,3412.22318
-27.786647,100,3414.337
-37.895658,100,3416.341449
-34.393973,100,3418.578692
-32.838517,100,3420.735208
-31.442421,100,3422.859484
-35.280168,100,3425.121746
-35.065004,100,3427.417427
-29.427547,100,3429.546298
-80.836695,100,3431.761867
-39.825246,100,3433.934658
-35.899179,100,3436.149835
-42.574781,100,3438.407893
-35.595521,100,3440.354293
-31.891253,100,3442.637068
-38.59403,100,3444.873361
-44.830812,100,3447.153223
-43.310928,100,3449.297724
-54.359184,100,3451.490399
-33.741327,100,3453.644742
-34.717504,100,3455.708884
-33.94862,100,3457.8327
-38.274117,100,3459.959956
-44.221473,100,3462.141967
-38.560957,100,3464.235746
-41.72907,100,3466.548097
-43.346543,100,3468.768603
-35.319538,100,3470.762559
-36.930684,100,3473.086082
-36.477263,100,3475.347971
-31.60912,100,3477.473116
-37.690161,100,3479.537716
-34.125716,100,3481.939532
-34.021507,100,3484.11504
-39.372272,100,3486.306132
-27.299044,100,3488.442389
-39.796369,100,3490.873883
-49.520479,100,3493.025014
-30.553744,100,3495.166941
-26.57285,100,3497.403145
-35.771022,100,3499.545143
-39.806689,100,3501.719218
-40.417788,100,3503.764531
-41.115492,100,3506.139218
-35.873477,100,3508.29179
-35.759961,100,3510.364899
-41.509827,100,3512.434577
-64.922573,100,3514.524125
-53.201198,100,3516.624982
-46.951959,100,3518.894892
-57.450252,100,3521.029312
-38.291375,100,3523.245708
-49.453778,100,3525.555748
-40.015818,100,3527.699
-52.411611,100,3529.793837
-58.080512,100,3532.000056
-56.668221,100,3534.044551
-50.370761,100,3536.066905
-63.913399,100,3538.206385
-55.34411,100,3540.36258
-56.439122,100,3542.223563
-59.230814,100,3544.465604
-45.797405,100,3546.538688
-53.491497,100,3548.724934
-52.006326,100,3550.962129
-51.462114,100,3552.86366
-65.026651,100,3554.931295
-38.41014,100,3557.075047
-71.482357,100,3559.310967
-47.783128,100,3561.417674
-44.506122,100,3563.570274
-44.58688,100,3565.587943
-44.301991,100,3567.589516
-49.281517,100,3569.699573
-55.673648,100,3571.92719
-57.174884,100,3574.204379
-38.772044,100,3576.436915
-38.623086,100,3578.432225
-42.628477,100,3580.64814
-45.957123,100,3583.001688
-39.912228,100,3585.130882
-41.742687,100,3587.370296
-31.994195,100,3589.643378
-37.411815,100,3591.942533
-48.401399,100,3594.162799
-56.790196,100,3596.44741
-42.24845,100,3598.628006
-44.0781,100,3600.678998
-54.049548,100,3602.907298
-47.980924,100,3604.980226
-61.212802,100,3607.107644
-54.751439,100,3609.206176
-50.353153,100,3611.273286
-49.134479,100,3613.354522
-49.640325,100,3615.515211
-52.438817,100,3617.484013
-49.978766,100,3619.765972
-56.446452,100,3621.877029
-71.095565,100,3623.95482
-60.697961,100,3625.979522
-54.2421,100,3628.355699
-55.307135,100,3630.565671
-62.816553,100,3632.612547
-69.001875,100,3634.69742
-63.611926,100,3636.876817
-84.561969,100,3639.129239
-73.956575,100,3641.189452
-64.578415,100,3643.350302
-69.526848,100,3645.560277
-79.049473,100,3647.561009
-65.030852,100,3649.6812
-69.753175,100,3651.842215
-63.634989,100,3653.936186
-70.123282,100,3655.941724
-68.23689,100,3658.163209
-73.930201,100,3660.156749
-65.442273,100,3662.200999
-80.160045,100,3664.183027
-60.734261,100,3666.416075
-81.120951,100,3668.539606
-77.897798,100,3670.615619
-67.273594,100,3672.759756
-66.33434,100,3674.953332
-73.630567,100,3676.982054
-66.299982,100,3678.936971
-78.418543,100,3681.034278
-67.841038,100,3683.163073
-87.309252,100,3685.242341
-79.209203,100,3687.421833
-89.86666,100,3689.550729
-92.290539,100,3691.662409
-103.059217,100,3693.960663
-94.676112,100,3696.073822
-93.120841,100,3698.206331
-87.853792,100,3700.304367
-84.300118,100,3702.259249
-86.103438,100,3704.394868
-93.572792,100,3706.631376
-110.136928,100,3708.757143
-123.778398,100,3710.948399
-104.157561,100,3713.167224
-105.06726,100,3715.356177
-95.193515,100,3717.507321
-86.281426,100,3719.55246
-113.669961,100,3721.721782
-114.928451,100,3723.767452
-83.095607,100,3725.876139
-91.918098,100,3727.803794
-81.636048,100,3729.967425
-98.743638,100,3732.160403
-96.097531,100,3734.201135
-90.974742,100,3736.250119
-103.977513,100,3738.311313
-86.96571,100,3740.40698
-99.739004,100,3742.517638
-116.389219,100,3744.819413
-120.45486,100,3746.967462
-91.344609,100,3749.125671
-85.952199,100,3751.154211
-116.53424,100,3753.314918
-94.07847,100,3755.663559
-123.080374,100,3757.858229
-83.25769,100,3760.016932
-99.573436,100,3762.032886
-93.254582,100,3764.278411
-99.745989,100,3766.392492
-83.437685,100,3768.564658
-88.149512,100,3770.708107
-114.312064,100,3772.808979
-89.524367,100,3774.845902
-97.414094,100,3776.961609
-92.35845,100,3778.891473
-88.10391,100,3780.88373
-102.785452,100,3783.12095
-95.168603,100,3785.140925
-93.021146,100,3787.268192
-98.047435,100,3789.262313
-96.889513,100,3791.300353
-98.841487,100,3793.308049
-96.118459,100,3795.417523
-109.821855,100,3797.473381
-128.808853,100,3799.541754
-95.475622,100,3801.584739
-96.086421,100,3803.604279
-104.878056,100,3805.572178
-91.798512,100,3807.529914
-84.565827,100,3809.685288
-127.71652,100,3811.93204
-91.563701,100,3814.180966
-107.098544,100,3816.262982
-86.533323,100,3818.410577
-108.533806,100,3820.514454
-88.716214,100,3822.718536
-122.109808,100,3824.718264
-89.072665,100,3826.850545
-96.360714,100,3828.931932
-94.371578,100,3830.994767
-94.312217,100,3833.200649
-78.987418,100,3835.154329
-91.280869,100,3837.161921
-94.080654,100,3839.427737
-95.417946,100,3841.485083
-97.688075,100,3843.584599
-88.434135,100,3845.722094
-90.779389,100,3847.936882
-91.667582,100,3850.057671
-91.675949,100,3852.12892
-76.929729,100,3854.462048
-94.321107,100,3856.488103
-95.138748,100,3858.64474
-89.238429,100,3860.697135
-86.554365,100,3862.961323
-95.426333,100,3865.052082
-88.498477,100,3867.166788
-83.089795,100,3869.222051
-86.776753,100,3871.355902
-81.399492,100,3873.455632
-92.23724,100,3875.654636
-94.559648,100,3877.815069
-97.118647,100,3880.086125
-95.853472,100,3882.220115
-80.894065,100,3884.295904
-92.388578,100,3886.437464
-106.269389,100,3888.596412
-91.329973,100,3890.813094
-106.995777,100,3892.857297
-102.214206,100,3895.028508
-92.392094,100,3897.245714
-92.969261,100,3899.306078
-100.027879,100,3901.314526
-97.789633,100,3903.52225
-109.819924,100,3905.513506
-101.976716,100,3907.584329
-112.881383,100,3909.698469
-97.902175,100,3912.035635
-105.430105,100,3914.195944
-115.135477,100,3916.305697
-95.401239,100,3918.543307
-95.205863,100,3920.538731
-99.632016,100,3922.761128
-100.61777,100,3924.811955
-100.053544,100,3927.122274
-110.133554,100,3929.202753
-102.675812,100,3931.29363
-101.829969,100,3933.311399
-92.142147,100,3935.478095
-103.329301,100,3937.608383
-105.453741,100,3939.899218
-99.265027,100,3941.888471
-105.001546,100,3944.101545
-106.995795,100,3945.978838
-98.199881,100,3948.025252
-101.328686,100,3950.022235
-100.397427,100,3952.098088
-115.645097,100,3954.431921
-103.980274,100,3956.520428
-118.953559,100,3958.607637
-87.753472,100,3960.633353
-98.965797,100,3962.788064
-99.324574,100,3965.115107
-83.398734,100,3967.255487
-105.692479,100,3969.36347
-102.804622,100,3971.522826
-91.703766,100,3973.687902
-97.228699,100,3976.071003
-93.204066,100,3978.289638
-82.07608,100,3980.448415
-101.66917,100,3982.675799
-95.427117,100,3984.83629
-89.932874,100,3987.129283
-83.959716,100,3989.359607
-96.24697,100,3991.321802
-86.434624,100,3993.580215
-92.909751,100,3995.568806
-91.300159,100,3997.502962
-107.752611,100,3999.671192
-90.711704,100,4001.759862
-102.45871,100,4003.972699
-104.938748,100,4005.990342
-94.373426,100,4008.249608
-97.803697,100,4010.4052
-101.135618,100,4012.702018
-97.797967,100,4014.962754
-92.331284,100,4017.08144
-94.117787,100,4019.076555
-84.648632,100,4021.25335
-88.772598,100,4023.536565
-84.079969,100,4025.692748
-100.089544,100,4027.953071
-100.684296,100,4030.1688
-103.970227,100,4032.287795
-109.51022,100,4034.371807
-102.057039,100,4036.5406
-77.201652,100,4038.523365
-108.689235,100,4040.956831
-107.786663,100,4043.053773
-101.800213,100,4045.379407
-104.582218,100,4047.460423
-108.281484,100,4049.3203
-105.354179,100,4051.279977
-104.124404,100,4053.354617
-111.392483,100,4055.372176
-105.84635,100,4057.440214
-105.922893,100,4059.457163
-82.995889,100,4061.586285
-98.732591,100,4063.940681
-89.379188,100,4066.047841
-89.388671,100,4067.970998
-108.130284,100,4070.057936
-94.709672,100,4072.297397
-98.665382,100,4074.306658
-103.473416,100,4076.446039
-96.635377,100,4078.520133
-93.976286,100,4080.685453
-99.719633,100,4082.759273
-86.159515,100,4084.77019
-108.465487,100,4086.86113
-91.24562,100,4089.040653
-87.334572,100,4091.15881
-85.72406,100,4093.429982
-89.094435,100,4095.561212
-107.979358,100,4097.618707
-105.409385,100,4099.777576
-91.497548,100,4101.787767
-102.059187,100,4103.950591
-97.20491,100,4105.989955
-106.073298,100,4108.238955
-105.032378,100,4110.308581
-104.601573,100,4112.265577
-111.725023,100,4114.478381
-87.489647,100,4116.464257
-133.889506,100,4118.66381
-87.632784,100,4120.744373
-77.40306,100,4122.775476
-99.811026,100,4125.087716
-92.82876,100,4127.448231
-83.38057,100,4129.504713
-107.556241,100,4131.563972
-87.151493,100,4133.701062
-86.032731,100,4135.827238
-91.689748,100,4137.92718
-86.624977,100,4140.124489
-105.230703,100,4142.230417
-78.04334,100,4144.386412
-102.27741,100,4146.396344
-89.393493,100,4148.707341
-77.29587,100,4150.796381
-101.873545,100,4152.798279
-85.325163,100,4154.757564
-81.69907,100,4156.940862
-81.117218,100,4158.947667
-71.623985,100,4161.156628
-71.266583,100,4163.247603
-110.039121,100,4165.459569
-94.735031,100,4167.632168
-75.40619,100,4169.789885
-62.506114,100,4171.665275
-77.502845,100,4173.655494
-63.843612,100,4176.008146
-97.302968,100,4178.147054
-114.150494,100,4180.379553
-96.847884,100,4182.648039
-77.778779,100,4184.823831
-89.869828,100,4186.9352
-72.925225,100,4189.150537
-86.725271,100,4191.334937
-88.336716,100,4193.217731
-88.734495,100,4195.233629
-106.167528,100,4197.380817
-107.497536,100,4199.530903
-75.398108,100,4201.691397
-72.690357,100,4203.663986
-90.782909,100,4205.722666
-88.062695,100,4207.857065
-77.274449,100,4210.129139
-56.173612,100,4212.258499
-104.57987,100,4214.250529
-89.486965,100,4216.331423
-72.580523,100,4218.37233
-95.152938,100,4220.461132
-60.668867,100,4222.713691
-79.419545,100,4224.777894
-87.004333,100,4226.734216
-99.602086,100,4228.937632
-75.733311,100,4231.192929
-54.442737,100,4233.20566
-101.63926,100,4235.409646
-94.600958,100,4237.646573
-78.40052,100,4239.893375
-85.41284,100,4242.100696
-79.754286,100,4244.080208
-80.382482,100,4246.015336
-89.553468,100,4248.212676
-49.540042,100,4250.220358
-74.722703,100,4252.338392
-48.471233,100,4254.461911
-75.60332,100,4256.666888
-49.377079,100,4258.69658
-125.703155,100,4260.729492
-45.754361,100,4262.857787
-74.538713,100,4265.039123
-83.59151,100,4267.283094
-77.335093,100,4269.467157
-79.253371,100,4271.641408
-93.528048,100,4274.090334
-41.267472,100,4276.345348
-75.26058,100,4278.768334
-35.295644,100,4280.861553
-47.15736,100,4282.790695
-107.022384,100,4285.017989
-62.336811,100,4287.301807
-68.90878,100,4289.445965
-56.928157,100,4291.594196
-40.674825,100,4293.845578
-69.945495,100,4295.890667
-101.70023,100,4298.389171
-103.48972,100,4300.78137
-51.576471,100,4302.715121
-94.104599,100,4305.071515
-80.495064,100,4307.476194
-76.76387,100,4309.473907
-38.745985,100,4311.613509
-81.765794,100,4313.872475
-38.351957,100,4315.988413
-73.112912,100,4318.151741
-76.042121,100,4320.14765
-76.068,100,4322.269601
-59.7811,100,4324.284408
-128.740708,100,4326.247852
-95.465529,100,4328.473625
-63.661475,100,4330.635017
-72.066149,100,4332.805805
-83.325365,100,4334.847433
-101.258203,100,4337.036506
-70.768464,100,4339.329335
-72.052016,100,4341.570466
-40.02484,100,4343.750148
-53.660229,100,4345.953012
-108.133886,100,4348.000204
-95.802174,100,4350.54627
-99.497294,100,4352.912877
-105.546859,100,4355.343078
-114.861446,100,4357.333447
-87.321753,100,4359.488111
-98.837974,100,4361.946811
-86.033195,100,4364.032689
-101.332834,100,4366.388083
-83.127544,100,4368.555013
-100.296526,100,4370.839143
-106.276137,100,4373.248689
-95.167011,100,4375.539281
-86.876961,100,4377.896933
-96.295628,100,4380.425203
-86.555311,100,4382.906587
-90.845432,100,4385.420949
-101.94728,100,4387.437495
-93.278249,100,4389.86169
-60.305414,100,4392.192796
-86.278149,100,4394.246424
-116.042952,100,4396.507223
-39.195867,100,4398.681259
-99.357243,100,4400.920819
-36.301914,100,4403.09847
-52.391138,100,4405.51561
-42.620188,100,4407.775872
-111.567307,100,4409.772894
-61.34379,100,4412.127316
-92.728406,100,4414.614214
-99.115054,100,4417.007016
-105.043477,100,4419.366616
-98.731753,100,4421.57392
-52.141191,100,4423.634913
-102.047793,100,4426.029209
-60.959496,100,4428.427702
-83.926176,100,4430.391077
-114.973491,100,4432.809672
-88.483159,100,4435.465053
-101.268258,100,4437.545153
-64.631754,100,4439.906536
-36.206546,100,4442.087039
-137.281481,100,4444.45492
-105.558112,100,4446.457427
-45.472757,100,4448.434705
-77.225361,100,4450.663961
-34.547133,100,4452.931857
-49.885796,100,4455.224473
-104.951923,100,4457.337224
-57.161534,100,4459.535328
-45.424041,100,4461.681831
-66.121753,100,4463.807448
-87.211105,100,4466.276839
-82.040445,100,4468.651333
-83.929569,100,4470.934807
-46.668654,100,4473.096875
-98.201857,100,4475.397543
-86.8238,100,4477.757138
-63.275067,100,4479.974177
-45.578818,100,4482.245396
-34.296537,100,4484.337385
-51.336223,100,4486.420904
-78.447317,100,4488.807546
-63.198052,100,4491.106804
-120.286499,100,4493.682567
-88.979517,100,4495.984118
-51.199946,100,4497.980377
-37.206878,100,4500.218625
-36.285515,100,4502.347845
-76.488614,100,4504.388005
-48.041053,100,4506.372104
-100.51802,100,4508.468068
-34.205433,100,4510.451594
-31.214496,100,4512.539211
-34.695882,100,4514.836815
-29.252929,100,4516.968195
-40.790082,100,4519.26353
-104.522105,100,4521.490719
-40.71074,100,4523.70912
-69.924829,100,4525.843326
-63.330957,100,4527.833525
-68.582235,100,4529.957873
-35.291251,100,4532.141527
-139.620186,100,4534.171711
-88.940799,100,4536.4304
-45.547823,100,4538.58195
-35.599539,100,4540.782649
-38.770528,100,4543.009864
-109.531232,100,4545.028119
-42.812986,100,4547.114486
-41.191707,100,4549.315692
-71.597373,100,4551.592839
-35.580487,100,4553.933973
-39.173933,100,4556.202249
-44.160347,100,4558.196864
-44.535192,100,4560.473445
-39.935856,100,4562.675994
-43.262933,100,4564.796856
-76.645225,100,4566.977266
-35.637475,100,4569.121356
-65.357358,100,4571.300397
-44.630166,100,4573.353196
-141.659316,100,4575.257075
-111.313106,100,4577.352072
-102.218124,100,4579.755505
-115.805212,100,4581.749664
-87.276451,100,4583.946095
-91.651737,100,4586.299004
-41.272363,100,4588.451864
-151.271708,100,4590.415386
-88.712702,100,4592.52964
-91.652212,100,4594.766399
-80.130567,100,4596.806186
-54.124166,100,4598.964119
-46.140435,100,4601.025407
-143.061406,100,4603.075782
-99.867716,100,4605.129685
-41.54788,100,4607.350418
-57.23985,100,4609.33114
-53.888166,100,4611.485346
-44.997085,100,4613.666253
-42.679611,100,4615.674028
-65.435249,100,4617.740443
-35.431654,100,4620.069359
-84.826955,100,4622.220553
-104.402997,100,4624.24485
-89.954882,100,4626.456718
-108.569103,100,4628.537182
-107.763917,100,4630.818565
-66.394312,100,4633.046688
-96.831269,100,4635.318052
-46.735277,100,4637.500523
-32.204908,100,4639.786581
-48.636955,100,4642.047137
-44.38817,100,4644.110578
-38.857221,100,4646.247208
-85.55669,100,4648.569703
-78.041828,100,4650.862376
-78.447652,100,4653.218946
-64.240754,100,4655.546751
-83.319967,100,4657.690847
-104.422155,100,4659.906889
-66.266354,100,4662.13639
-35.847205,100,4664.360729
-82.10256,100,4666.864281
-38.204836,100,4669.078036
-69.497419,100,4671.464107
-31.976033,100,4673.566212
-33.510204,100,4675.667239
-63.713377,100,4677.823276
-78.368775,100,4680.049742
-37.7393,100,4682.384687
-44.804346,100,4684.479482
-40.586076,100,4686.889555
-30.882989,100,4689.111872
-54.368508,100,4691.146386
-34.902663,100,4693.155673
-29.285652,100,4695.379764
-78.820447,100,4697.840376
-60.408288,100,4700.059991
-45.851834,100,4702.358189
-36.111544,100,4704.491478
-48.307937,100,4706.641926
-34.732622,100,4708.698484
-44.975944,100,4711.00195
-36.693888,100,4713.125546
-33.518883,100,4715.231087
-30.490715,100,4717.567641
-28.836329,100,4719.679043
-27.772064,100,4721.882643
-36.027533,100,4724.051429
-82.65501,100,4726.289163
-96.744785,100,4728.460777
-32.510302,100,4730.584571
-34.763813,100,4732.732537
-28.65303,100,4734.927333
-28.968772,100,4737.086644
-35.142719,100,4739.124171
-26.838881,100,4741.41922
-27.234584,100,4743.633367
-33.341522,100,4745.871185
-51.039948,100,4747.98077
-40.756225,100,4750.069561
-32.051756,100,4752.285183
-30.757971,100,4754.432159
-31.6115,100,4756.622042
-28.06173,100,4758.640611
-56.293905,100,4761.013656
-49.926053,100,4763.390415
-29.41678,100,4765.628893
-34.02164,100,4767.935147
-55.533544,100,4770.190938
-28.66672,100,4772.364789
-37.117266,100,4774.763818
-47.209015,100,4776.870163
-31.170645,100,4779.256836
-31.554225,100,4781.420728
-61.815609,100,4783.628063
-31.607319,100,4785.996293
-30.927349,100,4788.111112
-31.727348,100,4790.119636
-34.473708,100,4792.394721
-29.016847,100,4794.55124
-33.184544,100,4796.719239
-27.32867,100,4798.882517
-35.062374,100,4801.046438
-34.646612,100,4803.290707
-28.934471,100,4805.565548
-32.351065,100,4807.661926
-32.635525,100,4809.773449
-35.336982,100,4812.015925
-31.498842,100,4813.970018
-76.10678,100,4816.151649
-27.251448,100,4818.337029
-58.19851,100,4820.618826
-37.155286,100,4822.827152
-27.406969,100,4824.879964
-26.750656,100,4827.163767
-40.581845,100,4829.154657
-26.538143,100,4831.368154
-29.440828,100,4833.377897
-27.52419,100,4835.731983
-31.077993,100,4837.987946
-88.849918,100,4840.15075
-33.965615,100,4842.20898
-87.681737,100,4844.329773
-35.451717,100,4846.355946
-31.298716,100,4848.5488
-31.458743,100,4850.714066
-36.307559,100,4852.896583
-26.78583,100,4854.959657
-31.291547,100,4857.203969
-59.655095,100,4859.473642
-29.625486,100,4861.779259
-61.297599,100,4864.291249
-37.095227,100,4866.523588
-32.01233,100,4868.759297
-29.643778,100,4870.923789
-31.761327,100,4873.105413
-28.559888,100,4875.129763
-28.199342,100,4877.463274
-33.240281,100,4879.63761
-30.448595,100,4881.799797
-118.36666,100,4884.109846
-37.383545,100,4886.255667
-37.600803,100,4888.454333
-30.707522,100,4890.597774
-33.920233,100,4892.742435
-37.851688,100,4895.056298
-37.527596,100,4897.327865
-28.150858,100,4899.640758
-36.822597,100,4901.831302
-50.729962,100,4904.101904
-73.493592,100,4906.433627
-29.209572,100,4908.716775
-30.350506,100,4910.959137
-32.517963,100,4913.259577
-31.823106,100,4915.379958
-50.884819,100,4917.626321
-34.677295,100,4919.908612
-32.794775,100,4922.202409
-61.559275,100,4924.430545
-28.225133,100,4926.575214
-31.926986,100,4928.753468
-50.007415,100,4931.001622
-31.451407,100,4933.23685
-32.460044,100,4935.603129
-28.709461,100,4937.64874
-37.183332,100,4939.873506
-30.63767,100,4942.340802
-27.49357,100,4944.596491
-35.298965,100,4946.729995
-57.691604,100,4948.838134
-29.74341,100,4950.972747
-28.810698,100,4953.211802
-33.335225,100,4955.568135
-37.233394,100,4957.942923
-36.76169,100,4960.204176
-30.267698,100,4962.469344
-32.981015,100,4964.731133
-34.244956,100,4966.876354
-65.180402,100,4968.885974
-42.88697,100,4970.941642
-29.386122,100,4973.144595
-30.560961,100,4975.489839
-30.068746,100,4977.609675
-39.637896,100,4979.806792
-32.149667,100,4982.076309
-30.578597,100,4984.316516
-36.761378,100,4986.530255
-29.628816,100,4988.792131
-61.002781,100,4991.043582
-39.562094,100,4993.160203
-30.041778,100,4995.256138
-37.684895,100,4997.650114
-53.859535,100,5000.097542
-36.970196,100,5002.366301
-31.826096,100,5004.585649
-47.431101,100,5006.874177
-29.366266,100,5008.996131
-41.945478,100,5011.274022
-32.720013,100,5013.307096
-40.826278,100,5015.635298
-36.634836,100,5017.709466
-33.349013,100,5019.739938
-35.338147,100,5021.746421
-58.066005,100,5023.914172
-84.071351,100,5026.426961
-59.94545,100,5028.5224
-32.441311,100,5030.715539
-32.81577,100,5032.846404
-35.542841,100,5034.94807
-25.173693,100,5037.147589
-32.816036,100,5039.350265
-31.487691,100,5041.509372
-36.724872,100,5043.634085
-26.526507,100,5045.950683
-30.320341,100,5048.262498
-26.295289,100,5050.463484
-30.765471,100,5052.785729
-32.18827,100,5055.090874
-32.19245,100,5057.365164
-30.298897,100,5059.677006
-33.838972,100,5061.977076
-35.961809,100,5064.17743
-29.025715,100,5066.370914
-37.557231,100,5068.630405
-32.534276,100,5070.78933
-48.008705,100,5072.976523
-28.350131,100,5075.203033
-35.80922,100,5077.507629
-28.838465,100,5079.74415
-77.12767,100,5081.847242
-36.947957,100,5084.179582
-30.925509,100,5086.369103
-37.800787,100,5088.499323
-28.285603,100,5090.921965
-37.40274,100,5093.175386
-29.529051,100,5095.246466
-39.188376,100,5097.490749
-35.023738,100,5099.655503
-30.948247,100,5101.813115
-39.263043,100,5104.094768
-30.320042,100,5106.339485
-33.305054,100,5108.510581
-30.077358,100,5110.805687
-36.637876,100,5113.336713
-58.907545,100,5115.723998
-31.078083,100,5117.953285
-33.716932,100,5120.232402
-31.711745,100,5122.514273
-27.553015,100,5124.879639
-31.932775,100,5127.013969
-82.784222,100,5129.522458
-30.307918,100,5131.761783
-33.740276,100,5133.947372
-28.947754,100,5136.1841
-33.758526,100,5138.178032
-37.073357,100,5140.348331
-64.47545,100,5142.641857
-32.873592,100,5144.765047
-30.994024,100,5146.98899
-34.212379,100,5149.137445
-34.039503,100,5151.392112
-30.657664,100,5153.582905
-35.000256,100,5155.796553
-29.819415,100,5158.072031
-36.017591,100,5160.30409
-64.031791,100,5162.370515
-67.6717,100,5164.460179
-37.530797,100,5167.022955
-34.007836,100,5169.276654
-28.182889,100,5171.395341
-44.903362,100,5173.731638
-34.587083,100,5175.833727
-36.903333,100,5177.960018
-29.169593,100,5180.015016
-32.587599,100,5182.368918
-28.509663,100,5184.51495
-29.801106,100,5186.969199
-31.727827,100,5189.223242
-32.124215,100,5191.440158
-32.391503,100,5193.693065
-33.091077,100,5195.83671
-52.800878,100,5198.195997
-33.346369,100,5200.594028
-35.494957,100,5202.666058
-47.998361,100,5204.97666
-31.655612,100,5207.108348
-38.427642,100,5209.300062
-33.570909,100,5211.406203
-31.379672,100,5213.531643
-31.224146,100,5215.947364
-35.497037,100,5218.231379
-29.41861,100,5220.451774
-74.382528,100,5222.605319
-56.212069,100,5224.933756
-67.628098,100,5227.231744
-52.393481,100,5229.381212
-31.211441,100,5231.840257
-65.636996,100,5234.037339
-44.711492,100,5236.172884
-30.41013,100,5238.460592
-30.378916,100,5240.773083
-35.359815,100,5243.115493
-30.993684,100,5245.313924
-27.748778,100,5247.656595
-29.640252,100,5249.969908
-58.212983,100,5252.222593
-31.511339,100,5254.503814
-35.138516,100,5256.708496
-28.213327,100,5259.010082
-29.781591,100,5261.227545
-28.237153,100,5263.575135
-36.932644,100,5265.769605
-30.127874,100,5267.863019
-30.384955,100,5269.995422
-43.631382,100,5271.980351
-34.741282,100,5274.015282
-30.01417,100,5276.143311
-32.617901,100,5278.413089
-36.627143,100,5280.797234
-156.581589,100,5283.033212
-32.174229,100,5285.289213
-33.311734,100,5287.379972
-30.81671,100,5289.770605
-29.7235,100,5291.910753
-34.199958,100,5294.193563
-65.473376,100,5296.323265
-36.178315,100,5298.524085
-51.60016,100,5300.822333
-30.71744,100,5302.928476
-30.972353,100,5305.111378
-32.227502,100,5307.520712
-29.336089,100,5309.797154
-27.362599,100,5312.246876
-47.346125,100,5314.3005
-36.399412,100,5316.647916
-32.130993,100,5318.961719
-44.094166,100,5321.046061
-28.142889,100,5323.200115
-31.369531,100,5325.441505
-37.248314,100,5327.690294
-29.390694,100,5329.83876
-33.530905,100,5332.013638
-28.981109,100,5334.23533
-36.310187,100,5336.331208
-29.890303,100,5338.489605
-46.640601,100,5340.606991
-29.868111,100,5343.153997
-49.963268,100,5345.269618
-30.303398,100,5347.476891
-35.635384,100,5349.83305
-37.574578,100,5351.887061
-38.272424,100,5354.028683
-72.895492,100,5356.291652
-56.6003,100,5358.575745
-33.110552,100,5360.76713
-36.42636,100,5362.93793
-75.074436,100,5365.158287
-53.959729,100,5367.337348
-41.911911,100,5369.285105
-33.480992,100,5371.627476
-63.513328,100,5373.656257
-114.268795,100,5375.949471
-40.327371,100,5378.164608
-51.247267,100,5380.23436
-39.756262,100,5382.466256
-83.201112,100,5384.931
-38.613429,100,5387.113241
-101.076193,100,5389.423828
-41.75498,100,5391.642093
-37.122606,100,5393.829973
-30.084221,100,5396.005622
-43.159596,100,5398.459253
-117.240305,100,5400.631185
-35.658195,100,5402.869911
-55.034068,100,5404.955124
-63.854626,100,5406.902317
-45.013889,100,5409.229873
-64.938058,100,5411.415351
-47.922515,100,5413.679775
-128.399816,100,5415.989415
-59.444853,100,5417.981368
-106.880648,100,5420.151113
-82.599184,100,5422.305955
-50.010045,100,5424.225618
-56.990775,100,5426.561201
-31.213615,100,5428.880037
-52.957412,100,5430.969458
-40.810671,100,5433.2437
-49.527478,100,5435.298638
-57.477769,100,5437.333948
-46.356468,100,5439.341943
-80.405014,100,5441.393473
-91.737022,100,5443.398603
-157.162287,100,5445.437287
-43.871877,100,5447.657337
-64.139002,100,5449.822312
-79.783743,100,5451.921279
-35.17763,100,5454.308586
-69.752885,100,5456.369126
-95.782913,100,5458.645762
-71.761769,100,5460.719977
-35.506289,100,5462.907577
-37.815951,100,5465.060288
-35.050481,100,5467.186542
-132.862712,100,5469.141172
-72.476735,100,5471.277421
-50.948893,100,5473.32466
-36.767291,100,5475.399623
-34.083402,100,5477.7662
-43.560571,100,5480.000321
-74.427751,100,5481.999862
-48.597881,100,5484.187617
-47.668595,100,5486.379491
-107.244644,100,5488.480626
-45.341489,100,5490.686664
-64.580791,100,5492.832586
-46.219327,100,5495.033878
-44.845072,100,5497.157205
-64.314689,100,5499.262501
-82.906976,100,5501.414602
-33.548105,100,5503.630159
-46.283105,100,5505.91811
-39.900671,100,5508.058157
-78.797872,100,5510.241819
-122.863541,100,5512.194027
-126.401676,100,5514.257769
-86.303608,100,5516.435368
-45.671801,100,5518.604594
-86.377398,100,5520.72898
-67.390954,100,5522.712549
-126.925555,100,5524.882514
-70.749601,100,5527.013235
-54.326244,100,5529.373834
-46.04518,100,5531.613509
-100.975835,100,5533.740747
-63.464163,100,5536.073474
-38.655565,100,5538.329517
-46.167447,100,5540.440342
-47.801574,100,5542.452184
-60.727823,100,5544.563746
-61.72465,100,5546.834935
-85.996315,100,5548.95314
-111.095673,100,5551.056295
-113.466499,100,5553.138524
-43.248009,100,5555.243589
-50.506775,100,5557.386462
-86.389031,100,5559.493817
-72.040943,100,5561.694629
-88.32187,100,5563.875051
-75.794431,100,5566.039977
-88.399082,100,5568.158585
-70.826187,100,5570.295506
-91.936143,100,5572.469042
-47.226389,100,5574.642092
-74.874427,100,5576.65835
-82.531457,100,5579.289602
-60.897203,100,5581.435954
-82.210516,100,5583.463351
-78.923851,100,5585.435524
-86.19243,100,5587.538546
-77.814931,100,5589.545828
-88.945523,100,5591.762296
-44.32358,100,5593.883624
-109.068228,100,5595.919755
-56.73289,100,5598.145213
-92.367358,100,5600.300587
-84.414894,100,5602.574686
-86.37378,100,5604.710591
-118.689056,100,5606.797292
-73.759216,100,5608.839544
-94.845004,100,5610.781416
-76.715426,100,5612.75156
-78.011307,100,5614.799923
-79.890805,100,5616.834617
-68.939862,100,5618.940762
-66.964046,100,5621.099461
-101.921276,100,5623.287213
-36.493991,100,5625.549236
-53.313499,100,5627.571559
-90.321086,100,5629.541257
-29.321216,100,5631.794995
-34.189095,100,5633.975399
-72.738264,100,5636.042531
-35.23567,100,5638.22319
-31.146093,100,5640.398851
-36.916573,100,5642.512517
-32.071051,100,5644.733062
-40.490207,100,5646.906732
-69.801856,100,5649.232476
-54.677749,100,5651.458861
-37.647269,100,5653.589508
-41.861565,100,5655.674495
-40.28994,100,5657.794305
-45.187814,100,5659.906299
-35.817663,100,5662.051445
-34.314862,100,5664.187511
-32.128991,100,5666.273273
-37.484749,100,5668.574373
-83.61762,100,5671.059661
-30.048712,100,5673.164997
-26.263318,100,5675.322142
-48.173422,100,5677.532696
-37.33736,100,5679.6637
-66.794888,100,5681.929463
-36.398193,100,5684.190603
-66.601288,100,5686.353032
-66.207009,100,5688.649098
-76.645326,100,5690.797066
-39.708131,100,5693.026289
-41.68543,100,5695.204168
-30.191419,100,5697.513211
-31.306161,100,5699.806491
-56.902498,100,5701.91906
-76.907551,100,5703.976567
-50.629291,100,5706.186644
-39.762606,100,5708.358153
-54.271443,100,5710.398083
-38.937303,100,5712.682263
-32.551092,100,5714.987417
-32.742596,100,5717.137485
-52.952674,100,5719.291378
-41.241784,100,5721.402514
-48.530587,100,5723.414263
-35.331255,100,5725.814418
-32.288209,100,5728.147082
-58.467732,100,5730.270082
-95.691312,100,5732.397665
-74.09441,100,5734.631722
-74.183741,100,5736.629869
-91.6422,100,5738.599434
-128.960238,100,5740.785605
-58.757716,100,5742.800027
-72.879622,100,5744.845353
-86.784962,100,5747.080103
-80.214792,100,5749.360525
-91.452776,100,5751.608842
-112.420561,100,5754.035309
-88.829156,100,5756.11218
-83.123063,100,5758.750437
-93.589442,100,5760.855335
-47.345254,100,5763.029932
-86.439096,100,5765.292191
-63.694139,100,5767.354332
-67.977069,100,5769.485768
-82.725349,100,5771.547872
-100.700922,100,5773.62943
-81.624321,100,5775.916834
-47.333706,100,5778.261654
-56.847586,100,5780.369714
-58.391319,100,5782.53107
-47.394524,100,5784.492374
-41.277662,100,5786.72523
-81.870858,100,5788.85113
-94.941165,100,5790.803991
-88.197468,100,5793.103857
-96.804232,100,5795.269167
-106.34874,100,5797.249508
-110.548544,100,5799.2219
-110.195483,100,5801.355948
-103.546414,100,5803.388124
-76.44151,100,5805.531162
-53.195813,100,5807.720772
-42.8595,100,5809.977604
-84.553322,100,5812.024013
-82.569261,100,5814.169399
-111.742384,100,5816.204865
-76.412633,100,5818.477299
-77.688017,100,5820.519214
-114.119204,100,5822.536422
-79.933167,100,5824.755874
-104.043623,100,5826.768998
-33.222206,100,5828.811107
-84.241093,100,5830.948751
-111.892562,100,5833.174327
-71.647604,100,5835.314227
-66.954364,100,5837.481597
-89.274216,100,5839.45791
-87.750095,100,5841.474902
-69.378218,100,5843.598429
-93.719357,100,5845.743912
-100.849535,100,5847.71573
-79.051411,100,5849.805598
-96.499137,100,5851.930257
-115.282839,100,5854.062042
-112.340284,100,5856.060503
-97.13878,100,5858.086027
-86.13736,100,5860.238964
-77.582293,100,5862.349907
-90.755274,100,5864.465294
-132.104643,100,5866.527172
-38.617624,100,5868.822952
-56.490398,100,5871.118966
-68.147261,100,5873.293318
-55.268248,100,5875.452116
-35.57033,100,5877.745433
-95.755819,100,5880.021671
-36.682702,100,5882.175011
-65.492478,100,5884.45093
-32.159054,100,5886.672085
-30.365769,100,5889.064842
-100.086879,100,5891.302788
-44.841046,100,5893.363152
-86.92895,100,5895.555127
-36.382187,100,5897.837625
-48.192968,100,5900.057263
-113.585168,100,5902.2145
-77.002379,100,5904.47748
-74.738747,100,5906.272458
-108.572789,100,5908.280969
-65.744613,100,5910.415214
-108.88515,100,5912.375348
-86.239497,100,5914.531422
-95.996177,100,5916.627809
-43.469509,100,5918.735271
-95.977186,100,5920.839926
-46.84111,100,5923.175182
-85.773683,100,5925.404593
-31.470549,100,5927.652686
-35.556278,100,5929.888015
-34.288016,100,5932.095435
-69.326348,100,5934.328063
-61.753166,100,5936.362256
-36.167569,100,5938.574518
-35.66212,100,5940.736975
-57.068146,100,5942.71134
-59.424077,100,5944.813288
-105.865638,100,5947.065646
-113.713557,100,5949.087766
-50.70789,100,5951.177938
-42.104394,100,5953.276263
-81.167036,100,5955.130067
-43.201875,100,5957.327677
-49.783772,100,5959.635297
-112.232018,100,5961.623087
-34.364421,100,5963.714403
-38.849217,100,5965.952995
-41.898103,100,5968.245952
-99.543053,100,5970.267038
-66.184868,100,5972.448818
-40.702108,100,5974.593163
-37.264639,100,5976.858823
-78.128037,100,5979.13694
-32.969709,100,5981.461632
-76.627665,100,5983.751631
-30.712531,100,5986.05756
-37.752038,100,5988.498652
-37.317971,100,5990.652071
-40.965367,100,5992.826385
-30.455381,100,5995.103885
-35.545807,100,5997.355814
-44.971042,100,5999.38025
-75.162412,100,6001.400629
-45.948323,100,6003.661644
-58.827545,100,6005.673899
-36.410401,100,6007.979294
-85.123326,100,6010.08637
-33.219314,100,6012.392867
-86.869751,100,6014.523058
-67.806306,100,6016.837558
-46.337235,100,6019.201068
-59.157215,100,6021.420633
-29.887078,100,6023.616408
-31.883075,100,6025.958781
-33.049864,100,6028.461058
-52.205889,100,6030.931824
-31.58983,100,6033.159771
-56.099405,100,6035.332079
-30.91537,100,6037.645646
-35.297327,100,6040.20884
-81.970476,100,6042.777667
-37.548049,100,6045.050406
-33.392578,100,6047.568551
-32.931361,100,6050.067577
-35.160873,100,6052.474041
-39.305134,100,6054.686605
-41.573774,100,6056.821392
-32.984399,100,6059.138706
-78.092649,100,6061.303918
-45.889609,100,6063.425433
-32.334807,100,6065.730433
-31.08606,100,6067.969826
-36.008574,100,6070.093326
-61.876998,100,6072.282777
-31.942881,100,6074.585974
-82.919998,100,6076.991025
-82.653588,100,6079.59305
-74.110574,100,6081.835373
-31.542008,100,6084.11154
-29.055052,100,6086.187427
-49.353925,100,6088.295214
-29.883153,100,6090.511679
-33.726901,100,6092.774832
-36.064019,100,6094.932763
-73.254398,100,6097.223534
-44.548487,100,6099.367636
-33.914695,100,6101.603597
-78.306837,100,6103.967355
-39.844435,100,6106.234119
-32.888109,100,6108.309728
-46.896591,100,6110.578398
-162.505324,100,6112.628072
-31.631288,100,6114.949551
-30.99795,100,6117.37766
-39.469366,100,6119.650129
-79.096256,100,6121.934056
-36.262208,100,6124.256889
-31.315608,100,6126.450827
-53.738577,100,6128.696691
-66.498043,100,6130.78849
-57.295166,100,6133.23948
-31.140054,100,6135.521973
-59.09924,100,6137.966882
-33.5032,100,6140.243505
-105.218393,100,6142.620754
-78.399489,100,6144.543784
-34.406569,100,6146.808579
-46.31759,100,6148.949444
-61.396186,100,6151.100344
-34.912316,100,6153.390714
-32.3619,100,6155.876016
-37.252462,100,6158.352966
-73.660961,100,6160.534902
-42.820379,100,6162.899813
-32.026193,100,6165.226984
-41.834979,100,6167.208852
-36.179982,100,6169.46102
-43.834659,100,6171.473415
-31.987539,100,6173.528853
-33.944189,100,6175.658379
-113.505328,100,6177.891038
-82.075712,100,6180.37977
-32.15625,100,6182.558967
-30.771776,100,6184.995663
-34.402096,100,6187.345384
-39.146777,100,6189.674946
-33.746407,100,6191.806415
-40.049617,100,6194.116741
-30.865033,100,6196.396896
-33.641131,100,6198.585293
-50.088864,100,6200.910111
-33.670927,100,6203.108034
-111.242912,100,6204.991225
-31.0489,100,6207.230912
-51.138456,100,6209.357122
-34.485553,100,6211.569641
-60.987257,100,6213.766821
-41.521803,100,6216.282844
-62.453101,100,6218.412781
-35.986334,100,6220.576384
-106.046041,100,6222.619694
-31.622052,100,6224.845475
-83.259472,100,6227.479043
-66.624314,100,6229.73569
-37.476006,100,6231.884378
-60.151887,100,6234.169845
-36.987748,100,6236.304305
-55.904452,100,6238.482375
-33.377103,100,6240.734521
-78.418148,100,6243.151839
-36.490029,100,6245.332565
-101.968407,100,6247.632827
-32.217316,100,6249.96124
-32.458461,100,6252.246783
-58.460561,100,6254.409829
-32.071895,100,6256.828178
-49.348273,100,6259.176567
-38.838499,100,6261.56357
-78.42619,100,6263.77442
-31.52744,100,6265.940474
-38.483569,100,6268.178943
-34.473945,100,6270.322191
-33.837749,100,6272.582049
-86.44405,100,6274.734567
-61.719724,100,6277.121222
-67.774221,100,6279.269267
-46.049535,100,6281.546304
-95.832197,100,6283.750427
-81.012197,100,6286.275729
-31.843462,100,6288.312387
-51.517225,100,6290.399383
-33.606068,100,6292.64606
-84.956567,100,6294.746692
-46.420424,100,6296.865647
-32.063014,100,6299.247009
-34.74629,100,6301.51693
-31.922616,100,6303.729256
-36.136576,100,6305.956596
-35.43525,100,6308.156711
-35.131343,100,6310.512453
-31.749204,100,6312.921371
-53.950649,100,6315.329251
-31.969818,100,6317.658604
-57.108874,100,6319.668241
-34.349833,100,6322.075397
-32.898828,100,6324.642131
-105.224132,100,6326.851044
-33.105967,100,6329.138854
-33.029975,100,6331.422158
-32.043895,100,6333.745811
-32.492568,100,6335.910385
-33.692224,100,6337.922737
-34.566204,100,6340.145119
-35.351565,100,6342.436897
-37.321868,100,6344.866527
-33.834603,100,6347.022995
-34.255291,100,6349.414463
-52.711063,100,6351.634935
-35.479163,100,6353.818188
-66.736972,100,6356.001544
-34.336943,100,6358.142035
-101.667022,100,6360.142713
-84.708286,100,6362.339535
-80.93949,100,6365.035718
-52.974863,100,6367.48786
-70.708263,100,6369.633957
-37.443658,100,6371.854988
-77.96565,100,6374.18908
-33.913598,100,6376.486989
-86.989483,100,6378.577803
-111.122221,100,6380.755904
-33.942683,100,6382.86198
-62.213903,100,6385.271147
-38.453995,100,6387.392077
-164.687259,100,6389.469631
-37.762896,100,6391.738326
-34.574255,100,6393.952791
-73.996494,100,6396.489148
-36.34007,100,6398.751069
-36.128598,100,6400.94666
-34.300783,100,6403.301017
-38.931599,100,6405.63037
-41.563316,100,6408.054559
-36.542642,100,6410.456286
-39.305456,100,6412.712036
-37.264946,100,6415.00596
-41.335882,100,6417.317271
-34.4371,100,6419.551475
-41.22569,100,6421.558212
-37.544652,100,6423.800405
-50.316171,100,6426.332485
-33.262378,100,6428.612018
-34.846791,100,6431.00187
-41.72192,100,6433.103546
-37.923742,100,6435.330286
-37.077365,100,6437.526528
-35.783617,100,6439.778435
-58.132763,100,6441.878014
-43.822863,100,6443.981104
-71.609805,100,6446.444287
-38.689207,100,6448.815506
-73.98902,100,6451.148777
-38.487293,100,6453.518262
-37.914531,100,6455.787477
-46.695268,100,6457.931707
-38.175619,100,6460.171172
-80.690612,100,6462.973582
-126.471269,100,6464.962046
-124.484839,100,6467.055756
-93.255459,100,6469.332269
-76.680576,100,6471.814344
-37.88473,100,6474.002872
-34.035841,100,6476.453157
-38.42467,100,6478.873204
-72.482081,100,6481.062021
-36.054541,100,6483.323723
-112.999328,100,6485.495636
-64.958696,100,6487.873656
-77.349809,100,6490.180213
-89.394279,100,6492.311632
-67.874924,100,6494.519527
-104.437058,100,6496.516559
-35.19622,100,6498.798905
-62.147059,100,6500.900028
-140.726427,100,6503.090632
-75.724735,100,6505.420994
-43.164026,100,6507.466986
-75.750553,100,6509.407526
-123.946945,100,6511.388822
-117.227663,100,6513.583513
-101.808817,100,6515.76755
-41.644692,100,6518.050084
-56.46665,100,6520.37899
-60.849729,100,6522.567803
-79.932853,100,6524.581514
-83.902848,100,6526.739391
-130.538342,100,6528.684792
-39.605607,100,6530.646428
-77.251367,100,6532.903622
-98.773295,100,6534.962265
-79.532084,100,6537.078046
-124.675951,100,6539.197067
-46.812667,100,6541.140165
-103.225884,100,6543.037528
-111.778393,100,6545.098317
-97.431652,100,6547.197506
-106.60487,100,6549.167294
-92.229196,100,6551.101246
-100.562456,100,6553.143514
-136.683725,100,6555.11951
-105.342851,100,6557.208337
-78.080731,100,6559.042695
-90.726109,100,6561.01866
-86.301218,100,6563.071599
-106.950471,100,6565.0854
-103.123217,100,6566.987497
-89.929302,100,6569.088555
-114.106539,100,6571.110789
-121.239564,100,6573.122384
-71.230776,100,6575.295537
-44.519722,100,6577.383368
-76.184254,100,6579.488024
-97.369435,100,6581.814408
-45.386505,100,6583.901554
-43.440929,100,6585.814248
-135.418589,100,6587.796181
-135.857428,100,6589.782982
-101.815009,100,6591.786287
-73.829643,100,6593.926163
-124.925702,100,6595.959562
-89.987728,100,6597.912632
-100.275566,100,6599.85178
-133.11767,100,6601.719678
-109.270281,100,6604.004071
-114.450027,100,6606.140125
-139.630878,100,6608.149854
-83.623758,100,6610.782498
-94.841062,100,6612.942027
-114.314608,100,6614.766346
-96.798272,100,6616.617187
-120.90849,100,6618.696172
-95.342663,100,6620.768629
-119.774211,100,6622.927507
-112.484316,100,6624.826995
-124.0413,100,6627.021618
-104.823079,100,6629.173087
-93.157842,100,6631.306686
-99.116339,100,6633.302022
-32.71994,100,6635.553051
-130.129142,100,6637.652693
-39.293452,100,6639.87716
-94.753091,100,6642.118563
-43.589263,100,6644.253802
-35.920024,100,6646.475704
-44.083248,100,6648.739533
-68.698905,100,6650.753376
-102.070439,100,6652.838538
-38.07776,100,6655.001284
-94.817899,100,6657.285209
-81.818108,100,6659.417452
-136.549211,100,6661.411246
-88.821276,100,6663.366421
-83.344803,100,6665.799349
-66.233935,100,6667.938464
-48.872508,100,6670.192206
-87.393983,100,6672.237692
-33.310268,100,6674.214209
-118.790313,100,6676.330137
-109.399287,100,6678.294471
-106.443966,100,6680.491801
-92.972318,100,6682.650747
-33.40783,100,6684.829524
-65.792664,100,6687.140715
-67.386213,100,6689.191697
-74.572739,100,6691.214915
-79.890338,100,6693.50273
-45.789099,100,6695.546535
-96.65307,100,6697.567893
-62.647072,100,6699.855601
-40.087568,100,6702.006912
-39.289165,100,6704.074796
-65.592635,100,6706.148093
-95.259092,100,6707.993632
-85.24322,100,6710.207003
-110.762927,100,6712.011241
-114.46533,100,6714.164199
-35.985937,100,6716.478172
-37.492859,100,6718.696116
-77.057562,100,6720.737854
-58.754271,100,6722.7621
-82.678939,100,6725.245682
-85.223752,100,6727.349346
-65.48536,100,6729.561543
-66.03256,100,6731.516113
-60.314619,100,6733.590041
-52.060674,100,6735.818288
-32.943783,100,6738.045832
-40.149622,100,6740.040643
-121.984274,100,6741.913187
-34.962604,100,6744.318928
-34.189396,100,6746.483634
-66.693906,100,6748.783309
-41.18451,100,6750.946405
-92.97243,100,6753.074684
-96.183628,100,6755.021004
-33.357297,100,6757.133621
-104.980024,100,6759.305447
-79.306856,100,6761.234735
-78.36876,100,6763.48474
-43.845121,100,6765.58581
-56.392884,100,6767.80479
-46.133465,100,6769.897566
-130.219281,100,6771.811362
-41.646256,100,6774.014987
-57.36094,100,6776.130013
-97.403944,100,6778.257312
-64.269809,100,6780.213992
-49.088227,100,6782.487985
-36.179094,100,6784.834989
-76.084418,100,6786.892457
-73.590456,100,6788.839296
-69.765487,100,6790.797633
-72.643161,100,6793.135629
-35.411642,100,6795.208605
-63.601627,100,6797.385727
-120.805977,100,6799.238341
-113.010173,100,6801.273612
-125.839363,100,6803.288393
-94.020982,100,6805.205091
-64.366221,100,6807.385129
-44.823618,100,6809.443674
-85.839309,100,6811.702325
-83.909718,100,6814.250532
-80.744388,100,6816.332652
-146.822853,100,6818.429173
-122.773072,100,6820.368703
-44.170075,100,6822.573858
-123.234293,100,6824.741087
-117.510124,100,6826.689501
-115.114527,100,6828.631665
-93.130862,100,6830.839823
-102.904049,100,6832.868681
-115.635428,100,6835.071464
-73.437249,100,6836.956358
-34.595981,100,6839.05747
-52.51255,100,6841.14408
-63.36956,100,6843.391186
-83.797146,100,6845.668681
-85.637384,100,6847.618834
-121.932517,100,6849.585155
-38.66267,100,6851.60383
-132.489725,100,6853.627966
-36.043176,100,6855.746561
-94.689974,100,6857.829246
-39.33162,100,6860.004038
-118.800461,100,6861.915915
-33.1759,100,6864.15017
-82.954517,100,6866.838135
-50.498956,100,6869.006838
-62.234467,100,6871.404653
-35.446032,100,6873.622419
-31.272067,100,6875.985157
-62.696092,100,6878.091052
-29.421089,100,6880.133162
-32.508399,100,6882.374083
-71.407363,100,6884.368536
-112.850677,100,6886.35936
-70.937444,100,6888.37246
-94.601277,100,6890.421189
-35.669454,100,6892.565453
-36.789109,100,6894.530897
-84.13302,100,6897.103389
-54.093017,100,6899.485455
-30.820851,100,6901.746448
-83.448106,100,6904.141326
-65.555744,100,6906.060013
-49.698144,100,6908.063598
-72.188042,100,6910.274041
-35.574682,100,6912.410366
-70.177143,100,6914.608336
-123.385155,100,6916.630102
-92.456856,100,6918.865991
-38.79477,100,6920.899672
-97.387919,100,6922.956374
-69.439397,100,6924.939131
-40.10778,100,6927.19374
-30.110237,100,6929.456639
-32.522386,100,6931.497832
-39.179013,100,6933.75492
-100.230566,100,6935.748498
-30.609747,100,6937.926548
-36.763414,100,6940.118247
-36.156353,100,6942.230396
-92.192967,100,6944.401381
-32.634472,100,6946.528323
-101.732408,100,6948.752157
-89.221459,100,6950.85419
-32.890039,100,6953.055827
-31.737751,100,6955.259037
-70.009475,100,6957.371589
-133.767779,100,6959.443104
-56.383152,100,6961.511693
-29.938353,100,6963.730246
-36.135704,100,6966.020624
-102.834629,100,6968.214365
-116.428464,100,6970.188681
-66.654683,100,6972.420654
-29.715733,100,6974.700494
-83.477363,100,6977.231526
-61.75265,100,6979.239014
-29.036426,100,6981.417228
-39.461685,100,6983.684646
-31.891829,100,6985.91091
-33.225563,100,6988.155354
-29.852768,100,6990.28731
-35.732114,100,6992.555172
-32.288166,100,6994.776428
-31.401159,100,6997.05803
-34.358652,100,6999.200773
-30.5393,100,7001.480249
-29.30589,100,7003.745634
-59.347932,100,7006.230588
-34.868995,100,7008.509596
-35.061672,100,7010.722111
-52.721037,100,7012.907118
-56.848028,100,7014.971414
-38.647521,100,7017.077597
-37.582068,100,7019.215525
-45.765604,100,7021.386855
-33.35319,100,7023.678894
-32.121261,100,7025.818554
-76.457775,100,7027.932442
-33.246469,100,7030.105183
-32.471574,100,7032.391815
-34.491774,100,7034.615297
-35.641514,100,7036.559937
-33.305207,100,7038.853964
-39.644481,100,7040.98652
-31.403525,100,7043.172305
-63.404431,100,7045.322731
-32.735249,100,7047.649506
-33.477057,100,7049.959943
-32.427529,100,7052.140597
-79.45777,100,7054.406748
-39.012258,100,7056.540101
-30.281175,100,7058.559963
-51.893821,100,7060.803354
-30.021236,100,7062.861049
-34.189711,100,7065.04287
-30.094096,100,7067.200749
-30.21663,100,7069.338859
-41.271954,100,7071.598093
-41.740678,100,7073.778441
-29.585556,100,7075.905722
-29.934959,100,7078.238975
-31.792776,100,7080.526899
-30.445446,100,7082.768075
-37.571542,100,7084.97735
-50.614754,100,7087.367401
-33.16154,100,7089.502775
-50.820996,100,7091.763606
-29.850372,100,7093.970535
-38.222848,100,7095.97256
-38.689198,100,7098.134067
-41.861538,100,7100.388906
-53.695179,100,7102.647924
-34.737653,100,7106.869353
-90.494393,100,7108.894911
-41.882188,100,7110.936673
-30.014518,100,7112.957134
-49.711525,100,7114.952308
-31.410298,100,7117.172297
-30.438478,100,7119.349061
-39.643799,100,7121.433816
-62.796417,100,7123.63191
-38.940555,100,7125.784597
-30.16636,100,7128.073541
-33.078418,100,7130.162451
-67.238407,100,7132.325644
-42.619948,100,7134.507741
-35.445861,100,7136.77878
-40.407427,100,7138.991265
-40.447483,100,7141.247172
-63.362688,100,7143.535443
-36.612801,100,7145.77446
-90.889952,100,7147.786059
-112.440451,100,7149.938955
-62.738854,100,7152.16132
-85.973384,100,7154.104617
-75.627618,100,7156.333022
-34.540006,100,7158.577611
-33.616246,100,7160.751297
-84.076126,100,7163.279469
-58.141631,100,7165.295881
-30.614015,100,7167.426289
-33.858875,100,7169.579361
-30.016272,100,7171.952069
-64.884772,100,7174.10391
-30.814218,100,7176.263113
-40.89963,100,7178.416046
-29.702482,100,7180.713585
-31.088496,100,7182.806067
-35.221201,100,7184.841372
-42.434535,100,7187.083432
-66.002896,100,7189.336081
-34.641437,100,7191.469936
-35.551879,100,7193.442512
-40.829589,100,7195.578602
-41.441608,100,7197.727669
-33.543806,100,7199.938334
-81.89658,100,7202.421876
-56.588778,100,7204.649382
-61.82044,100,7206.925672
-32.306735,100,7209.191456
-34.513384,100,7211.215511
-63.025397,100,7213.478066
