#{"env_id": "BaxterReachEnv-v12", "t_start": 1544013214.5816493}
r,l,t
-112.75133,100,2.746606
-115.386918,100,4.521607
-117.922857,100,6.117482
-115.766522,100,7.912819
-107.28782,100,9.642107
-109.66723,100,11.434711
-106.603626,100,13.176853
-106.896737,100,14.92082
-112.415962,100,16.211437
-101.809885,100,17.457463
-111.058899,100,18.873753
-110.464745,100,20.717718
-95.274227,100,22.180933
-112.079155,100,23.729463
-110.622792,100,25.429733
-108.255628,100,27.03884
-113.67829,100,28.623991
-116.873935,100,30.306916
-117.677642,100,31.507242
-102.602738,100,33.038803
-104.403284,100,34.676429
-100.146057,100,36.450872
-112.511028,100,38.196846
-115.642558,100,39.913877
-103.4313,100,41.264849
-113.414559,100,42.599369
-98.406314,100,43.88198
-112.159486,100,45.105394
-105.387664,100,46.330405
-103.100531,100,47.767704
-103.775942,100,49.838971
-109.105254,100,51.215533
-106.472831,100,52.703129
-116.97036,100,54.48162
-106.878452,100,56.382358
-114.445107,100,58.052372
-112.277453,100,59.77108
-111.796129,100,61.171275
-128.290682,100,62.909044
-115.286666,100,64.608431
-107.626912,100,66.270244
-115.065699,100,67.494464
-108.917656,100,68.79068
-112.036927,100,70.16206
-111.790993,100,71.496504
-110.636043,100,72.89885
-105.394895,100,74.485715
-105.923158,100,75.723035
-109.219937,100,76.961052
-107.453839,100,78.527611
-115.107373,100,79.737992
-118.526884,100,81.555791
-108.833913,100,83.056127
-100.795446,100,84.738179
-109.987358,100,86.390436
-111.644488,100,88.112938
-113.613547,100,89.371265
-110.865663,100,90.86676
-106.645286,100,92.814689
-112.388237,100,94.428769
-109.777458,100,95.989305
-112.287129,100,97.287857
-114.486358,100,98.721412
-116.263849,100,100.564191
-93.79275,100,102.423342
-114.04585,100,104.054533
-104.541852,100,105.501871
-96.934272,100,107.358706
-92.169863,100,108.651926
-107.89327,100,110.15864
-93.119346,100,111.730618
-104.887132,100,113.093817
-111.588945,100,114.708053
-103.681788,100,116.243592
-103.084413,100,117.918175
-105.367625,100,119.815334
-100.732022,100,121.863859
-106.620494,100,123.136881
-104.691002,100,124.660945
-99.56554,100,126.347091
-95.183002,100,128.251941
-103.636696,100,129.742609
-102.359351,100,131.722749
-124.0832,100,133.682616
-106.344827,100,135.576497
-101.325903,100,137.200458
-119.36892,100,138.655801
-120.49121,100,140.442173
-115.96217,100,142.078739
-119.064846,100,143.792238
-103.793518,100,145.548261
-106.381604,100,146.930122
-113.966957,100,148.432041
-117.468287,100,149.813222
-109.92965,100,151.462149
-136.867733,100,153.318111
-110.298963,100,154.928953
-121.862939,100,156.601102
-108.642807,100,157.953102
-107.35097,100,159.494739
-122.218064,100,160.823356
-143.337923,100,162.161574
-117.174609,100,163.428715
-108.611433,100,164.871388
-106.571322,100,166.623493
-110.64254,100,168.256142
-95.21782,100,169.613402
-103.392168,100,171.238258
-94.576299,100,173.231471
-98.733389,100,174.738076
-98.379928,100,176.272036
-104.587937,100,177.93294
-106.975191,100,179.649064
-110.353028,100,180.887078
-110.917713,100,182.784725
-113.827345,100,184.49858
-104.246532,100,186.047226
-136.293011,100,187.868593
-118.632319,100,189.778834
-123.083435,100,191.486565
-118.309677,100,193.094051
-119.580752,100,194.535153
-130.462587,100,195.943475
-117.104623,100,197.288892
-141.995283,100,198.911264
-115.309286,100,200.24289
-120.456019,100,202.024965
-122.575661,100,203.729064
-156.098373,100,205.21866
-122.628711,100,206.557876
-127.969568,100,208.163068
-135.893724,100,209.988331
-120.731153,100,211.575406
-126.387184,100,213.016338
-128.119231,100,214.420035
-130.547709,100,216.015485
-131.125875,100,217.755941
-137.068908,100,219.107247
-136.91195,100,220.614473
-144.974517,100,222.550031
-137.042116,100,224.058198
-152.259391,100,225.863453
-150.729955,100,227.733628
-143.084935,100,229.494553
-148.861266,100,231.055191
-148.386468,100,232.671179
-146.125117,100,234.020335
-132.338882,100,235.352205
-135.802972,100,236.859748
-160.5928,100,238.924372
-146.277182,100,240.68782
-137.863941,100,242.102338
-140.032263,100,243.497132
-148.312378,100,244.841722
-159.307835,100,246.157742
-155.559763,100,247.793616
-151.020363,100,249.666052
-158.150537,100,251.610464
-149.696037,100,253.532769
-159.713003,100,255.360706
-149.107387,100,256.775954
-161.110289,100,258.353205
-150.766834,100,260.314386
-147.702639,100,261.669268
-148.229975,100,262.946069
-156.713111,100,264.747937
-153.608648,100,266.492648
-156.909915,100,268.083262
-148.516449,100,269.899365
-164.10693,100,271.799833
-155.662923,100,273.645509
-151.25851,100,275.419412
-160.720041,100,277.24261
-165.223327,100,278.847372
-153.23602,100,280.538626
-148.705617,100,282.255742
-159.095024,100,283.995019
-149.805248,100,285.811579
-144.408337,100,287.868548
-157.08168,100,290.052231
-160.003593,100,291.79813
-164.580986,100,293.197113
-156.026711,100,294.905737
-160.044752,100,296.333824
-150.576528,100,298.255025
-159.78809,100,300.137188
-151.731984,100,301.95227
-157.927094,100,303.795835
-159.637017,100,305.358374
-163.268858,100,307.220035
-156.171973,100,309.163946
-156.054392,100,310.462701
-157.637972,100,312.385125
-150.147049,100,314.356487
-158.942411,100,315.74132
-164.078718,100,317.27341
-161.197599,100,319.12131
-160.289719,100,321.11674
-172.933857,100,323.097365
-168.241175,100,324.53652
-163.629608,100,326.549033
-167.285898,100,328.071957
-165.952812,100,329.691492
-165.818666,100,331.408494
-166.862555,100,332.913465
-166.295608,100,334.349737
-164.305941,100,335.83201
-168.439503,100,337.596511
-164.121704,100,339.531581
-168.033005,100,341.678162
-167.139297,100,343.683762
-166.84398,100,345.420929
-169.209084,100,346.97397
-168.442279,100,348.444697
-171.037406,100,350.412363
-170.181233,100,351.901994
-158.104494,100,353.958846
-158.765457,100,355.997429
-147.63041,100,358.248339
-149.070091,100,359.854599
-164.369462,100,361.695544
-170.959626,100,363.419913
-171.430608,100,365.007404
-164.183464,100,366.419182
-170.20028,100,368.310383
-157.637688,100,370.219754
-170.308777,100,372.321335
-163.751853,100,373.979859
-158.523327,100,375.393798
-167.878572,100,376.951062
-156.798908,100,378.70243
-157.449817,100,380.783083
-168.271112,100,382.18604
-160.827203,100,383.61888
-171.220646,100,385.473557
-176.148648,100,387.274107
-150.166185,100,389.335578
-151.269097,100,391.73319
-170.28462,100,393.417189
-164.340302,100,395.220525
-162.308938,100,397.297162
-144.82598,100,399.059016
-170.867085,100,401.116238
-144.20229,100,403.154239
-160.182343,100,405.116508
-159.069056,100,406.80144
-170.651672,100,408.185874
-172.525022,100,409.793346
-168.69156,100,411.558572
-163.824979,100,413.210822
-170.04439,100,414.58328
-166.586201,100,416.196696
-172.647828,100,417.868984
-166.947135,100,419.432208
-156.972532,100,421.421769
-174.694551,100,423.068057
-172.308358,100,425.230046
-170.115265,100,427.122005
-169.456374,100,428.686083
-145.308161,100,430.262726
-173.225735,100,431.615598
-171.338625,100,433.106826
-173.689895,100,434.602874
-167.537527,100,436.233312
-159.283647,100,437.822251
-159.938301,100,439.751118
-172.703508,100,441.840557
-166.637303,100,443.596248
-169.309509,100,445.420123
-171.901139,100,447.31071
-168.331492,100,449.2466
-169.341802,100,451.011125
-161.53159,100,452.5732
-167.781753,100,454.326666
-166.115569,100,455.889685
-168.93656,100,457.554963
-173.303049,100,459.424074
-159.735902,100,461.027359
-169.551245,100,462.692403
-161.638809,100,464.434486
-169.884081,100,466.26827
-160.637446,100,468.45697
-168.781843,100,470.227925
-165.282974,100,471.661086
-171.771466,100,473.097715
-160.386814,100,474.711478
-161.704645,100,476.312235
-163.402473,100,477.713684
-164.222056,100,479.702408
-164.849766,100,481.419382
-169.449489,100,483.003097
-162.634456,100,484.901413
-174.928929,100,486.839867
-165.391413,100,488.734148
-166.828059,100,490.446994
-167.920966,100,492.379368
-166.367665,100,493.717961
-163.776607,100,495.223279
-163.9566,100,496.898429
-173.726913,100,498.704303
-162.640747,100,500.428868
-158.591405,100,501.724945
-167.707666,100,503.443731
-170.083676,100,505.365984
-166.329333,100,507.510043
-157.796629,100,509.348345
-170.122166,100,511.048143
-165.102603,100,512.673544
-158.239557,100,514.191048
-168.291234,100,515.862119
-167.680414,100,517.358258
-170.300133,100,519.143633
-162.763277,100,520.999769
-165.345698,100,523.066183
-167.714508,100,524.555131
-155.248503,100,526.369971
-162.623873,100,528.256859
-161.416009,100,530.028205
-163.465627,100,531.82557
-171.089224,100,533.589745
-170.258207,100,535.344273
-169.495644,100,537.185005
-159.287459,100,539.11543
-170.448398,100,540.62549
-173.238174,100,542.229234
-166.389323,100,543.898135
-152.058777,100,545.819547
-163.742865,100,547.748189
-171.926334,100,549.107597
-174.419839,100,550.60135
-169.758201,100,552.066185
-166.650892,100,553.795464
-168.257257,100,555.196051
-154.727835,100,557.312806
-164.295468,100,559.181696
-166.233386,100,560.987275
-172.881972,100,562.400151
-173.09822,100,564.319343
-166.977084,100,565.693605
-169.526124,100,567.504135
-162.965145,100,569.071182
-171.785411,100,570.61151
-163.591971,100,572.168978
-167.806129,100,573.795358
-161.389086,100,575.432546
-162.38274,100,577.092921
-164.737906,100,578.877854
-169.258321,100,580.819773
-168.541982,100,582.644481
-169.642213,100,584.315934
-171.665949,100,585.954616
-158.515809,100,587.368559
-165.412927,100,589.207908
-163.132995,100,590.944596
-164.378194,100,592.889172
-166.950377,100,594.711883
-168.204063,100,596.375093
-171.215463,100,598.232978
-164.690034,100,600.168417
-165.504438,100,602.031417
-168.580303,100,603.372015
-164.045513,100,605.021096
-153.98302,100,606.839504
-165.429654,100,608.846867
-162.964031,100,610.687179
-160.276559,100,612.720658
-161.086244,100,614.727466
-168.177015,100,616.799166
-165.762894,100,618.912424
-168.731894,100,620.94855
-166.406614,100,622.721127
-163.941787,100,624.503965
-169.644848,100,626.56029
-164.743731,100,628.635197
-168.883014,100,630.054044
-166.091198,100,631.896545
-167.881195,100,633.880192
-167.584952,100,635.798781
-169.840114,100,637.785522
-168.246764,100,639.448432
-165.742789,100,640.91523
-163.211286,100,642.574249
-170.902853,100,643.986307
-169.966582,100,645.310031
-168.836921,100,647.076797
-169.259146,100,648.860283
-174.25514,100,650.725904
-170.80412,100,652.137676
-168.031087,100,653.671882
-168.82477,100,655.603762
-168.315101,100,657.035758
-167.169443,100,658.462699
-171.06559,100,659.866326
-172.046946,100,661.708945
-169.711839,100,663.369762
-169.206928,100,664.922511
-170.274473,100,666.287024
-170.55357,100,668.031404
-170.109484,100,669.798483
-175.367671,100,671.580285
-174.22569,100,673.679294
-172.625424,100,675.009695
-157.164621,100,676.692243
-170.630707,100,678.636338
-172.351045,100,680.468641
-173.222957,100,681.956872
-171.689088,100,683.601547
-175.963898,100,685.556813
-171.956268,100,687.226567
-171.420531,100,689.247802
-171.150004,100,691.206651
-175.072395,100,692.57229
-171.92353,100,694.469414
-167.068639,100,696.024647
-170.345341,100,697.510245
-115.299052,100,699.811615
-168.780314,100,701.996725
-166.361686,100,703.876042
-169.663336,100,705.673006
-164.424638,100,707.209173
-166.540087,100,709.025024
-160.885337,100,710.626445
-166.510979,100,712.406472
-171.505412,100,714.058746
-169.279929,100,715.362684
-165.48334,100,716.871338
-166.946492,100,718.46411
-147.610796,100,720.636732
-166.098018,100,722.307756
-156.955106,100,724.348543
-165.208767,100,726.090248
-168.092035,100,727.938252
-163.488328,100,729.780441
-167.96136,100,731.671563
-168.528022,100,733.280385
-172.017262,100,734.711922
-164.959763,100,736.389247
-171.1729,100,737.889049
-169.213299,100,739.690597
-167.940569,100,741.299526
-170.421196,100,742.989139
-172.023478,100,744.99582
-171.009236,100,746.994086
-171.364121,100,748.867377
-163.688431,100,750.328014
-172.111579,100,751.816055
-173.655338,100,753.778522
-162.010446,100,755.405074
-173.973354,100,757.211862
-171.298853,100,758.942515
-172.660961,100,760.564277
-171.552009,100,762.342397
-172.726342,100,764.104192
-165.63705,100,765.974155
-164.660022,100,768.073221
-153.372355,100,770.167146
-149.727052,100,771.770957
-173.254512,100,773.337257
-171.400725,100,775.175205
-155.013201,100,777.079983
-176.20517,100,778.543911
-169.39593,100,780.332927
-169.600703,100,781.94997
-172.397344,100,783.49751
-157.218085,100,785.427748
-173.294153,100,787.010563
-153.790076,100,788.787236
-158.302752,100,790.407332
-174.977648,100,791.932797
-171.550782,100,793.40506
-168.519309,100,795.220365
-168.961461,100,797.143932
-172.674233,100,799.028128
-172.053238,100,800.636249
-170.374363,100,802.163768
-174.982983,100,803.611109
-171.455963,100,805.384226
-173.546738,100,807.162529
-161.177029,100,808.654573
-172.839112,100,809.979489
-165.169787,100,811.730409
-171.099609,100,813.99472
-160.641531,100,816.104107
-169.414711,100,817.456828
-168.987225,100,818.931875
-165.632279,100,820.747118
-136.488697,100,822.883557
-168.659898,100,824.956835
-117.745823,100,826.973063
-173.588233,100,828.679296
-168.367656,100,830.16885
-168.769011,100,832.09279
-164.523988,100,834.169416
-158.310676,100,835.58698
-173.318148,100,837.484157
-169.478306,100,839.29877
-172.730168,100,840.878254
-170.153964,100,842.466728
-170.650659,100,844.244916
-168.426982,100,845.880655
-176.354068,100,847.308042
-172.157606,100,848.788649
-171.328849,100,850.518211
-171.432409,100,852.4041
-172.478748,100,854.316721
-169.207865,100,855.811881
-171.426164,100,857.908672
-166.067293,100,859.527618
-171.622908,100,860.949173
-168.149987,100,862.585747
-168.707556,100,864.08655
-172.40066,100,865.491961
-169.066017,100,867.569488
-171.958145,100,869.237744
-169.876138,100,871.138091
-167.065096,100,872.626294
-174.496588,100,873.997771
-169.909374,100,875.474589
-174.406521,100,877.005085
-170.869977,100,878.690389
-162.131751,100,880.679558
-166.70441,100,882.18718
-173.222542,100,884.040825
-148.00437,100,886.079339
-170.778476,100,887.885714
-171.384845,100,889.546372
-170.05407,100,891.384482
-172.46591,100,893.164292
-166.437813,100,894.710907
-164.535669,100,896.576558
-172.811272,100,898.025378
-166.239618,100,899.725051
-172.999149,100,901.619699
-170.880935,100,903.199308
-173.992249,100,905.311302
-169.322513,100,906.967413
-158.315936,100,908.794321
-143.264456,100,910.781853
-173.236608,100,912.19059
-167.181794,100,914.153337
-124.500984,100,916.366935
-174.219347,100,918.420663
-132.728988,100,920.51526
-172.69656,100,922.242188
-169.964034,100,923.721581
-171.953633,100,925.425765
-169.339799,100,927.164855
-177.32302,100,928.780219
-174.176987,100,930.505342
-181.773379,100,932.365295
-168.383502,100,934.317259
-121.344733,100,936.492666
-176.799668,100,938.492532
-174.638873,100,940.451568
-147.063329,100,942.591974
-173.879928,100,944.565421
-174.305958,100,946.264518
-174.707848,100,948.247922
-173.819974,100,950.227331
-174.57957,100,952.256758
-169.771683,100,954.162974
-172.191479,100,955.930085
-167.905782,100,957.751877
-175.9475,100,959.233097
-174.061055,100,960.689175
-174.022352,100,962.058952
-174.141606,100,963.928608
-173.042531,100,965.467787
-167.383425,100,967.189404
-172.374004,100,969.176688
-156.491681,100,971.082361
-150.35249,100,972.944398
-141.440423,100,974.994269
-170.408793,100,976.391414
-174.228425,100,977.818416
-173.064999,100,979.250044
-170.505656,100,980.691879
-170.874823,100,982.304389
-172.529393,100,983.701472
-164.089755,100,985.095584
-172.803958,100,986.922058
-169.135861,100,988.535847
-166.941432,100,990.3043
-164.16343,100,992.056193
-170.995367,100,993.595934
-172.545863,100,995.106052
-172.115374,100,996.581624
-167.047477,100,997.978429
-171.460449,100,999.606463
-168.512407,100,1000.965686
-162.570336,100,1002.880339
-169.745149,100,1004.701261
-168.985511,100,1006.639466
-166.779072,100,1008.682477
-163.705827,100,1010.694969
-168.610851,100,1012.230802
-172.13379,100,1013.750951
-170.514777,100,1015.146233
-156.002172,100,1016.710973
-172.014603,100,1018.264181
-167.532234,100,1019.791939
-157.60819,100,1021.367263
-156.538943,100,1022.806148
-168.372568,100,1024.352318
-175.792482,100,1025.775578
-172.745368,100,1027.859486
-173.457676,100,1029.810704
-172.146034,100,1031.133311
-172.222431,100,1032.650819
-173.343471,100,1034.479103
-169.138394,100,1036.38193
-172.971921,100,1037.883239
-172.44067,100,1039.748837
-169.660061,100,1041.528623
-170.612376,100,1043.30065
-166.989132,100,1045.489337
-171.18089,100,1047.363705
-175.882551,100,1049.211797
-171.004493,100,1050.961299
-172.4662,100,1052.419797
-151.079634,100,1054.18386
-175.695108,100,1055.757008
-178.393041,100,1057.669642
-175.315218,100,1059.332971
-175.952606,100,1060.776747
-177.544092,100,1062.1115
-167.53158,100,1064.178595
-171.904532,100,1065.753926
-176.161532,100,1067.516021
-165.396202,100,1069.073206
-172.956586,100,1071.023279
-174.690701,100,1072.615172
-174.898193,100,1074.143489
-175.512657,100,1075.682611
-174.784512,100,1077.087127
-174.155139,100,1079.081132
-180.125335,100,1080.927723
-174.34652,100,1083.111407
-172.639019,100,1085.123358
-173.035989,100,1086.734038
-169.630851,100,1088.515358
-168.301836,100,1090.603544
-175.768702,100,1092.602646
-172.634999,100,1094.443033
-176.792853,100,1095.920363
-174.992966,100,1097.329787
-159.687563,100,1099.141927
-176.761108,100,1101.003273
-178.32952,100,1102.629202
-175.142509,100,1104.564813
-174.3044,100,1105.974075
-176.398487,100,1107.665709
-171.722769,100,1109.316254
-176.658875,100,1110.905393
-181.221905,100,1112.712972
-170.011172,100,1114.669761
-177.240429,100,1116.331671
-153.057515,100,1118.03664
-173.431783,100,1120.059737
-170.438284,100,1121.812164
-175.090452,100,1123.225619
-163.984686,100,1124.860526
-173.404808,100,1126.554642
-148.406546,100,1128.120131
-158.152272,100,1129.653393
-169.937593,100,1131.194615
-169.81021,100,1132.899495
-169.061331,100,1134.569224
-171.280212,100,1136.460173
-169.730516,100,1138.479661
-177.682807,100,1140.382318
-175.680177,100,1141.875144
-152.391373,100,1143.826172
-174.027942,100,1145.524819
-172.764524,100,1147.254964
-174.202559,100,1148.939901
-175.404057,100,1150.29364
-173.952857,100,1151.810628
-166.563556,100,1153.463864
-177.701274,100,1154.927181
-162.278777,100,1156.683332
-167.166632,100,1158.372221
-171.603647,100,1160.110418
-164.256647,100,1161.715477
-172.979139,100,1163.311865
-176.824984,100,1165.487863
-177.420448,100,1167.536134
-172.486441,100,1169.329682
-174.891592,100,1170.884679
-175.918264,100,1172.70611
-178.008641,100,1174.265936
-152.22686,100,1176.336165
-178.38961,100,1178.374048
-176.524731,100,1180.231215
-178.030391,100,1181.812729
-173.65517,100,1183.629847
-153.651021,100,1185.588776
-179.165204,100,1187.183111
-178.638658,100,1188.608503
-172.009028,100,1190.078105
-176.464827,100,1191.498429
-176.841515,100,1192.984088
-157.789273,100,1194.629805
-160.111495,100,1196.393707
-182.943263,100,1198.198156
-179.597018,100,1200.002234
-175.352557,100,1201.540308
-154.368708,100,1203.515969
-164.761907,100,1205.465359
-172.16412,100,1207.279353
-142.600437,100,1209.194614
-181.229491,100,1210.825373
-166.903363,100,1212.640257
-170.465886,100,1214.278126
-169.196959,100,1216.080579
-136.905135,100,1218.112344
-181.639458,100,1219.635625
-173.222531,100,1221.046061
-181.259119,100,1223.030976
-180.01182,100,1224.87641
-145.374679,100,1227.26567
-152.333512,100,1229.308829
-163.39192,100,1231.195588
-156.392071,100,1233.035647
-143.450651,100,1234.804813
-175.952355,100,1236.276872
-175.298417,100,1237.80136
-176.238677,100,1239.744581
-179.594267,100,1241.862978
-180.389884,100,1243.617881
-176.137978,100,1245.200361
-178.170037,100,1247.071265
-183.248627,100,1249.066136
-176.618423,100,1250.949355
-179.037392,100,1252.758404
-130.46291,100,1254.873783
-179.65244,100,1256.721516
-177.271681,100,1258.755162
-179.223123,100,1260.556284
-171.668878,100,1262.190732
-177.127551,100,1263.979187
-181.064816,100,1265.899837
-176.559879,100,1267.553574
-181.543958,100,1269.089708
-166.600158,100,1270.956631
-171.107014,100,1273.068925
-178.237233,100,1274.777223
-178.830657,100,1276.517475
-173.214523,100,1278.292772
-181.625957,100,1280.335958
-178.011438,100,1282.321295
-137.681506,100,1284.540511
-178.084226,100,1286.466172
-175.684377,100,1288.40978
-177.435401,100,1290.589762
-120.844627,100,1292.745636
-178.683959,100,1294.189896
-179.910149,100,1295.735642
-165.67686,100,1297.447912
-178.389066,100,1299.391469
-174.184819,100,1301.323052
-181.869656,100,1303.278629
-181.903607,100,1304.670649
-179.466663,100,1306.370924
-174.584761,100,1308.208661
-174.204005,100,1309.934351
-170.484509,100,1312.037543
-178.972953,100,1314.050297
-171.649846,100,1315.698888
-175.212288,100,1317.38516
-155.511933,100,1319.32271
-176.08837,100,1320.828112
-170.57094,100,1322.268446
-174.123685,100,1324.302128
-145.727797,100,1326.356951
-171.222249,100,1328.334721
-173.615512,100,1329.851984
-154.219379,100,1331.577625
-179.625754,100,1333.586809
-177.631066,100,1335.631108
-177.319884,100,1337.560559
-158.61196,100,1339.516957
-172.123834,100,1341.108572
-164.260578,100,1342.864843
-175.749771,100,1344.468274
-163.321305,100,1345.908971
-153.390354,100,1348.237125
-157.659668,100,1350.468256
-169.739215,100,1352.242613
-129.451676,100,1354.178356
-176.065195,100,1356.056475
-160.368749,100,1357.828947
-171.412301,100,1359.315046
-173.345628,100,1360.809434
-177.740331,100,1362.254371
-176.242803,100,1364.014282
-152.515155,100,1366.01515
-177.529849,100,1367.643822
-172.940847,100,1369.512074
-158.53577,100,1371.090726
-169.405121,100,1372.762841
-174.920225,100,1374.674051
-153.2623,100,1376.616456
-173.636695,100,1378.12342
-155.096907,100,1380.164684
-157.373074,100,1382.233767
-150.601143,100,1384.548494
-169.534546,100,1386.09768
-169.404207,100,1387.866826
-158.854095,100,1389.940008
-173.874443,100,1391.742753
-149.842458,100,1393.609096
-180.947511,100,1395.28476
-119.86117,100,1397.266613
-148.848991,100,1398.893488
-163.759565,100,1400.593363
-167.617861,100,1402.695664
-173.562423,100,1404.164418
-160.425602,100,1406.360798
-167.494316,100,1408.244732
-171.338646,100,1409.910821
-166.419921,100,1411.999359
-165.383436,100,1413.944737
-164.368276,100,1416.264566
-150.518591,100,1418.014693
-172.91359,100,1419.592041
-165.196751,100,1421.635656
-177.273115,100,1423.744159
-170.806221,100,1425.670805
-148.644459,100,1427.516883
-136.862441,100,1429.567862
-169.777068,100,1431.411677
-154.316113,100,1433.359095
-175.810992,100,1435.107234
-174.675054,100,1437.014839
-151.632111,100,1439.003163
-169.127176,100,1440.602785
-156.659535,100,1442.447873
-165.788964,100,1444.371042
-176.897843,100,1446.052396
-137.397426,100,1448.212193
-147.980899,100,1450.200266
-170.86163,100,1451.820713
-159.65827,100,1453.52446
-171.481782,100,1455.088754
-150.796903,100,1456.690985
-166.606199,100,1458.541098
-174.863758,100,1460.235574
-170.388789,100,1461.79798
-162.224375,100,1463.56518
-163.567235,100,1465.563205
-159.749169,100,1467.427727
-164.173009,100,1469.325068
-168.545086,100,1471.291303
-172.762604,100,1472.831367
-155.501351,100,1474.50953
-151.453767,100,1476.367781
-162.962121,100,1478.403314
-162.848424,100,1480.513024
-112.090806,100,1482.65372
-138.463965,100,1484.948603
-140.592827,100,1487.251612
-158.581306,100,1488.947405
-145.516697,100,1490.470643
-167.438632,100,1492.567976
-152.9988,100,1494.730884
-144.364495,100,1496.710908
-162.83825,100,1498.254502
-164.2249,100,1499.676934
-165.128055,100,1501.471744
-160.843618,100,1503.266765
-153.929581,100,1505.080653
-175.269588,100,1506.88489
-173.925441,100,1508.751544
-154.352017,100,1510.282352
-174.566379,100,1511.860164
-177.068728,100,1513.370176
-162.736413,100,1515.449969
-166.686922,100,1517.234085
-151.624777,100,1518.840309
-168.267088,100,1520.5693
-142.638825,100,1522.50782
-164.596189,100,1524.11698
-171.097649,100,1525.83752
-163.314775,100,1527.796978
-175.16219,100,1529.404012
-167.242572,100,1531.131833
-157.339988,100,1532.947598
-172.236203,100,1534.493265
-171.526494,100,1536.068286
-165.041943,100,1537.827165
-150.034236,100,1539.394469
-173.083739,100,1540.847403
-150.546981,100,1542.646251
-173.991121,100,1544.421686
-173.094959,100,1546.012279
-153.207212,100,1548.167569
-156.334437,100,1549.969203
-141.932114,100,1551.749717
-167.843286,100,1553.874959
-162.892849,100,1555.588001
-163.006372,100,1557.625182
-170.092465,100,1559.633735
-159.926911,100,1561.614477
-162.070778,100,1563.901659
-160.795902,100,1565.933964
-154.559733,100,1567.788989
-149.652911,100,1569.551092
-175.463623,100,1571.482095
-150.094592,100,1573.303043
-172.021794,100,1575.232967
-172.768914,100,1577.208083
-145.097025,100,1579.27864
-126.959296,100,1580.994291
-159.320722,100,1582.520707
-157.085087,100,1584.595469
-171.664097,100,1586.476849
-170.335214,100,1587.935391
-154.623788,100,1590.006571
-172.640519,100,1592.105761
-157.060743,100,1594.042994
-175.839583,100,1596.320162
-147.648602,100,1598.059788
-150.954799,100,1599.782324
-173.155498,100,1601.677064
-155.829338,100,1603.541685
-166.729097,100,1605.213698
-164.277792,100,1606.6555
-157.86035,100,1608.431793
-159.921258,100,1610.247657
-165.741098,100,1612.197316
-168.00473,100,1613.618492
-167.111235,100,1615.184254
-168.116486,100,1617.198909
-153.675481,100,1619.141821
-160.512545,100,1620.931837
-152.356047,100,1622.739551
-161.347821,100,1624.976939
-171.615337,100,1626.957729
-151.011006,100,1629.117537
-165.763484,100,1630.868494
-163.220438,100,1632.419726
-165.657671,100,1633.927661
-151.6779,100,1635.657309
-176.124513,100,1637.512809
-164.50301,100,1639.294539
-159.19459,100,1640.78738
-167.620178,100,1642.297113
-169.404724,100,1644.098524
-159.556157,100,1645.731545
-147.068755,100,1647.611267
-148.946874,100,1649.341969
-166.789087,100,1651.05684
-172.097723,100,1652.788275
-152.387099,100,1655.007489
-149.915817,100,1656.593023
-147.822571,100,1658.68011
-168.358781,100,1660.455842
-165.441569,100,1662.256491
-149.434931,100,1664.117785
-134.987275,100,1666.378182
-160.875069,100,1668.272793
-153.133047,100,1670.161838
-166.742847,100,1672.033335
-164.204898,100,1673.978302
-161.921078,100,1676.110766
-163.873462,100,1678.04855
-175.534626,100,1679.649465
-166.665416,100,1681.469806
-169.292666,100,1683.305822
-173.799825,100,1685.007313
-123.357928,100,1687.251352
-159.92136,100,1689.128291
-170.69385,100,1691.096312
-171.708585,100,1692.66224
-149.550863,100,1694.406041
-161.913373,100,1696.126426
-165.52613,100,1697.573239
-166.406043,100,1699.726887
-136.091191,100,1701.975616
-156.929726,100,1703.718591
-164.834609,100,1705.204414
-167.366703,100,1706.917244
-174.461348,100,1708.710802
-164.560224,100,1710.493269
-170.051865,100,1712.504545
-170.037972,100,1714.248544
-158.608889,100,1715.817001
-164.500776,100,1717.543111
-167.586418,100,1719.355978
-167.61982,100,1720.879872
-161.396189,100,1722.770417
-162.235142,100,1724.896972
-158.642937,100,1726.918939
-161.420556,100,1728.886208
-170.002759,100,1730.865089
-161.496197,100,1732.824558
-169.496602,100,1734.962039
-170.086088,100,1736.962311
-155.892979,100,1738.611437
-171.79758,100,1740.209182
-158.042267,100,1742.282418
-172.382374,100,1743.992193
-169.36442,100,1745.572149
-174.619236,100,1746.981702
-151.688675,100,1749.092363
-172.728759,100,1750.620558
-177.323725,100,1752.430212
-159.480962,100,1754.553359
-160.450326,100,1756.028945
-147.346569,100,1758.015293
-163.807302,100,1759.776681
-172.582408,100,1761.476951
-154.11129,100,1763.591442
-171.949039,100,1765.321739
-153.983521,100,1767.200288
-176.069668,100,1769.10953
-170.070939,100,1771.050538
-159.219604,100,1773.174614
-168.490305,100,1775.068133
-167.697899,100,1777.236894
-170.523598,100,1778.960793
-170.569741,100,1780.759517
-167.792531,100,1782.354403
-172.224216,100,1784.199301
-156.441379,100,1786.3301
-158.316513,100,1787.958385
-165.375547,100,1789.505246
-165.068548,100,1791.346867
-163.153077,100,1793.258096
-164.04075,100,1795.6294
-163.607897,100,1797.527942
-170.116881,100,1798.957707
-153.067646,100,1800.658138
-149.517103,100,1802.593828
-163.367739,100,1804.595983
-171.575151,100,1806.501825
-162.021547,100,1808.276469
-175.519405,100,1810.256621
-170.709107,100,1812.318587
-173.926732,100,1814.366452
-163.853326,100,1815.82743
-175.866604,100,1817.889099
-172.520274,100,1819.563523
-169.367555,100,1821.242172
-161.835355,100,1822.980236
-164.427673,100,1824.779093
-171.442529,100,1826.677608
-161.813953,100,1828.67814
-165.254513,100,1830.75147
-173.915413,100,1832.241767
-172.648145,100,1834.159632
-165.800649,100,1835.983184
-166.721705,100,1837.852767
-171.999372,100,1839.87201
-172.712311,100,1841.624085
-168.236898,100,1843.411787
-164.055685,100,1845.242944
-157.329574,100,1847.026541
-163.500682,100,1848.709114
-167.074838,100,1850.628447
-168.376916,100,1852.609337
-170.804013,100,1854.620018
-165.405048,100,1856.596468
-154.887934,100,1858.088439
-171.658019,100,1859.834233
-165.609332,100,1861.697006
-157.47718,100,1864.057959
-168.85574,100,1865.833754
-167.75265,100,1867.451585
-174.427275,100,1869.465824
-171.432146,100,1871.379478
-162.678995,100,1873.473509
-169.936433,100,1875.494369
-169.303236,100,1877.574714
-179.799437,100,1879.585728
-164.383502,100,1881.321559
-177.753753,100,1883.286171
-174.980121,100,1884.746814
-170.285029,100,1886.801264
-163.980822,100,1889.113048
-168.919674,100,1891.186004
-166.747136,100,1893.322217
-177.028038,100,1895.302782
-176.362997,100,1896.935511
-174.223793,100,1898.801771
-178.412102,100,1900.742664
-167.887225,100,1902.599009
-165.817224,100,1904.266696
-172.666702,100,1905.952031
-171.680929,100,1907.635352
-171.19983,100,1909.767975
-154.784466,100,1911.358263
-158.599954,100,1913.321165
-162.114871,100,1914.879586
-161.385052,100,1916.562045
-174.027078,100,1917.970049
-172.579627,100,1919.695686
-173.496483,100,1921.609323
-168.919086,100,1923.128519
-164.335699,100,1925.227109
-179.166023,100,1926.709059
-163.355584,100,1928.761437
-158.460881,100,1930.628287
-171.060409,100,1932.150043
-159.656422,100,1933.600032
-175.837057,100,1935.276223
-174.537487,100,1936.947986
-175.357116,100,1938.536334
-170.205662,100,1940.716489
-166.92379,100,1942.704459
-168.531169,100,1944.867055
-170.748228,100,1946.750119
-170.492869,100,1948.499313
-173.712379,100,1950.478032
-167.256245,100,1952.567303
-167.129305,100,1954.764499
-166.289716,100,1956.672977
-169.837857,100,1958.23773
-168.527189,100,1959.734949
-172.151247,100,1961.7525
-174.380065,100,1963.663365
-168.760443,100,1965.648026
-166.347043,100,1967.420757
-166.388753,100,1968.916387
-173.272958,100,1970.647848
-172.761947,100,1972.413157
-170.698924,100,1973.974388
-164.032582,100,1975.704904
-168.20811,100,1977.786526
-179.650551,100,1979.859156
-171.254142,100,1981.699143
-165.52916,100,1983.724386
-167.278994,100,1985.202086
-160.743459,100,1987.220174
-176.030374,100,1989.07553
-176.443137,100,1991.136803
-179.205484,100,1992.90608
-173.663774,100,1994.544344
-176.540235,100,1996.409246
-173.714093,100,1998.433364
-176.029932,100,2000.080448
-177.658676,100,2001.515564
-169.211056,100,2003.065406
-169.044247,100,2004.953895
-176.272135,100,2006.85515
-180.775652,100,2008.314378
-166.403264,100,2009.844844
-173.466236,100,2011.773553
-175.777637,100,2013.768396
-166.646379,100,2015.340785
-172.504111,100,2016.979272
-173.932154,100,2018.97433
-180.663444,100,2020.976241
-167.538559,100,2022.855387
-171.410096,100,2024.939102
-168.527971,100,2026.689091
-172.278346,100,2028.751306
-164.234026,100,2030.543654
-166.158853,100,2032.380289
-164.183816,100,2034.377913
-167.194071,100,2036.251798
-165.351739,100,2037.962379
-173.839665,100,2039.530239
-175.264916,100,2041.386574
-175.185658,100,2042.870143
-165.242026,100,2044.865912
-161.369795,100,2046.885809
-168.741283,100,2048.763166
-163.891021,100,2050.593359
-175.507762,100,2052.662386
-173.311583,100,2054.701111
-162.585291,100,2056.649768
-161.246156,100,2058.646839
-172.220956,100,2060.516399
-161.467732,100,2062.331949
-160.801677,100,2064.102842
-172.0705,100,2065.807642
-171.717042,100,2067.761497
-166.156217,100,2069.921997
-158.660081,100,2071.857953
-170.833794,100,2073.610092
-174.025615,100,2075.129758
-170.250781,100,2076.684536
-157.430169,100,2078.535595
-172.274671,100,2080.422124
-152.828487,100,2082.597575
-163.145143,100,2084.726357
-163.084327,100,2086.765413
-157.019301,100,2089.018206
-176.114726,100,2091.070036
-175.492487,100,2093.112149
-170.067217,100,2095.120318
-178.446426,100,2096.749943
-174.063428,100,2098.365643
-167.828823,100,2100.26066
-162.871708,100,2102.638894
-178.13074,100,2104.367455
-171.740408,100,2106.390313
-161.29733,100,2108.250049
-165.938387,100,2109.949513
-176.204622,100,2111.73181
-162.632227,100,2113.320652
-171.931253,100,2114.864746
-173.526227,100,2116.587551
-163.75833,100,2118.978641
-174.828575,100,2120.415709
-169.841538,100,2122.45889
-183.069285,100,2124.430991
-175.69988,100,2126.467685
-167.289009,100,2128.244605
-154.903979,100,2130.499805
-175.313994,100,2132.430252
-156.007649,100,2134.445072
-175.85635,100,2136.04091
-174.216258,100,2137.910185
-171.526676,100,2139.460537
-175.732104,100,2141.066858
-178.265617,100,2142.764743
-170.647553,100,2144.375666
-182.044159,100,2145.848322
-167.804462,100,2147.45744
-172.218595,100,2149.166861
-166.906915,100,2151.217916
-179.3481,100,2152.665389
-161.508295,100,2154.199735
-176.90103,100,2156.15112
-176.27244,100,2157.761383
-173.387891,100,2159.400335
-175.522084,100,2161.394536
-165.571041,100,2163.324088
-166.830913,100,2165.254606
-174.905395,100,2167.129035
-177.378399,100,2168.947309
-177.238445,100,2170.695599
-159.414878,100,2172.862129
-172.146932,100,2174.554829
-168.899998,100,2176.318439
-156.484866,100,2178.172857
-159.312588,100,2180.062217
-164.233507,100,2181.833772
-172.231719,100,2183.626468
-163.854326,100,2185.705345
-172.088766,100,2187.80274
-171.333884,100,2189.883532
-159.271698,100,2191.952338
-179.270832,100,2194.074542
-173.02782,100,2195.504827
-170.867564,100,2197.083724
-172.938855,100,2198.668684
-166.868952,100,2200.542556
-167.84799,100,2202.088942
-165.956856,100,2203.956558
-175.770441,100,2206.102216
-178.630068,100,2207.80217
-171.166345,100,2209.699075
-157.513372,100,2211.655389
-176.016852,100,2213.711352
-160.342376,100,2215.771686
-176.54236,100,2217.746997
-176.045897,100,2219.342866
-175.614543,100,2221.121276
-170.242874,100,2222.87293
-163.565463,100,2224.793299
-162.678147,100,2226.445626
-158.596843,100,2227.954419
-176.163903,100,2229.474419
-170.147433,100,2231.000067
-169.421383,100,2232.724708
-168.440375,100,2235.073302
-169.319434,100,2237.092606
-167.428418,100,2238.934001
-175.368576,100,2240.498608
-166.413692,100,2242.245818
-174.483083,100,2244.306524
-172.886059,100,2246.259569
-176.381581,100,2248.133223
-182.902814,100,2249.816591
-163.624907,100,2251.993578
-168.409455,100,2253.896795
-177.989368,100,2256.264597
-170.742688,100,2258.299144
-176.929711,100,2259.9967
-168.921286,100,2261.518507
-175.895937,100,2263.245669
-175.022255,100,2265.240417
-170.091115,100,2266.986581
-175.935196,100,2268.46519
-170.876424,100,2270.508369
-170.54796,100,2272.538209
-179.591202,100,2274.424469
-178.324042,100,2276.50897
-172.414382,100,2278.392597
-175.302024,100,2280.48826
-171.330624,100,2282.477899
-176.217585,100,2284.15912
-179.787645,100,2286.256477
-164.518297,100,2288.27816
-175.525097,100,2290.08308
-182.372692,100,2292.145859
-177.970142,100,2293.824191
-174.896153,100,2295.404939
-168.124144,100,2297.340174
-180.784782,100,2299.156888
-172.995597,100,2300.992765
-164.265673,100,2302.69172
-178.723951,100,2304.554096
-171.439373,100,2306.273364
-171.639526,100,2308.332142
-177.898714,100,2310.047452
-185.267562,100,2311.92325
-178.347795,100,2313.603882
-170.426674,100,2315.558057
-180.609762,100,2317.369669
-175.316178,100,2319.256838
-172.547393,100,2320.789439
-174.535669,100,2322.395815
-172.670576,100,2324.323594
-172.49974,100,2326.264973
-172.972323,100,2327.808613
-179.284459,100,2329.397142
-174.038446,100,2330.973849
-171.818717,100,2332.554203
-181.360265,100,2334.041908
-172.086047,100,2335.728327
-177.551376,100,2337.249062
-175.04276,100,2339.059653
-169.864613,100,2340.943645
-170.460747,100,2342.959612
-167.181793,100,2344.457266
-174.197088,100,2346.521989
-174.200606,100,2348.445103
-175.591964,100,2350.540014
-180.439539,100,2352.521645
-163.279484,100,2354.346627
-182.69182,100,2356.168054
-171.288956,100,2358.132903
-172.342627,100,2359.695635
-163.898255,100,2361.242888
-177.915432,100,2363.224139
-176.163344,100,2365.048832
-174.926088,100,2366.771066
-171.138233,100,2368.353587
-160.712034,100,2370.025834
-173.847778,100,2371.722079
-173.602548,100,2373.629083
-177.162645,100,2375.185559
-172.822879,100,2376.958945
-174.586581,100,2378.382605
-179.762462,100,2380.036607
-163.18114,100,2382.169503
-169.772473,100,2384.213153
-176.366678,100,2385.675491
-171.713648,100,2387.326484
-169.594978,100,2389.151117
-159.619865,100,2390.84643
-170.216609,100,2392.808016
-173.62279,100,2394.888117
-180.589936,100,2396.694586
-173.699467,100,2398.237926
-173.964528,100,2399.755848
-176.179512,100,2401.157761
-174.447143,100,2402.741009
-172.928523,100,2404.2376
-179.491865,100,2405.941587
-178.976122,100,2407.842759
-173.858223,100,2409.396486
-177.74646,100,2411.361568
-178.357679,100,2412.969726
-182.90563,100,2414.483648
-166.18475,100,2416.084012
-180.560152,100,2418.054762
-168.343335,100,2420.1516
-175.362989,100,2421.850315
-150.169961,100,2423.84153
-169.450317,100,2425.818113
-176.056072,100,2427.64993
-175.787556,100,2429.639584
-176.898614,100,2431.583594
-162.189519,100,2433.427184
-177.282884,100,2435.284844
-172.650324,100,2437.162664
-175.73492,100,2439.037275
-167.87244,100,2440.963777
-180.510677,100,2442.327477
-178.494103,100,2444.153947
-174.018456,100,2446.108016
-159.307104,100,2448.418625
-169.647817,100,2450.326928
-161.281017,100,2452.114145
-174.595535,100,2454.049619
-154.747299,100,2455.972233
-175.63367,100,2457.943974
-175.21555,100,2459.818768
-180.649406,100,2461.567646
-173.796228,100,2463.172885
-158.589907,100,2464.744044
-177.34526,100,2466.291439
-168.680282,100,2468.068168
-173.683516,100,2469.590186
-183.119069,100,2471.395623
-173.409502,100,2473.542563
-167.724055,100,2475.097995
-180.642329,100,2477.159127
-177.87109,100,2478.77836
-169.597373,100,2480.393522
-172.576649,100,2481.953553
-178.277245,100,2483.610894
-173.271693,100,2485.695054
-176.840929,100,2487.591398
-159.176039,100,2489.274223
-174.03393,100,2490.734205
-168.058041,100,2492.692966
-179.545854,100,2494.420478
-177.574462,100,2495.908073
-171.014366,100,2497.407559
-177.217232,100,2498.870999
-180.229816,100,2500.561103
-174.708989,100,2502.519427
-172.666388,100,2504.616591
-175.255138,100,2506.801913
-171.780278,100,2508.916756
-177.58135,100,2511.016473
-167.495565,100,2513.203376
-165.274176,100,2514.991133
-172.250216,100,2517.201766
-170.040343,100,2519.193002
-174.960942,100,2521.076243
-178.765357,100,2522.68352
-173.575481,100,2524.714753
-178.379816,100,2526.307686
-169.359947,100,2528.135732
-170.551605,100,2529.970156
-171.358297,100,2531.725625
-171.889892,100,2533.861117
-169.07217,100,2535.400262
-158.105677,100,2537.30776
-173.092267,100,2539.373916
-178.781728,100,2541.386852
-176.643927,100,2543.058297
-176.660468,100,2544.689954
-178.224383,100,2546.475112
-159.791325,100,2548.5266
-172.575196,100,2550.702697
-170.57907,100,2552.6921
-177.561315,100,2554.550153
-167.555736,100,2556.233709
-176.946412,100,2557.827368
-173.266695,100,2559.525631
-176.698487,100,2561.282554
-175.628746,100,2563.188323
-158.516764,100,2564.923953
-169.227096,100,2566.447341
-172.924111,100,2567.925902
-166.292477,100,2569.916518
-172.458098,100,2571.997877
-168.716277,100,2574.032002
-166.905103,100,2575.50352
-168.464558,100,2577.199752
-180.904807,100,2579.044724
-170.240766,100,2580.991194
-180.681094,100,2582.991521
-175.115622,100,2584.772682
-173.952693,100,2586.845798
-170.550892,100,2588.864329
-174.244111,100,2590.697042
-170.437602,100,2592.812912
-172.481826,100,2594.253311
-172.445547,100,2596.114326
-170.096694,100,2597.782524
-167.686796,100,2599.411846
-174.938507,100,2600.820472
-179.949789,100,2602.519281
-173.762239,100,2603.98477
-166.607756,100,2605.771072
-165.636422,100,2607.754627
-166.015446,100,2609.318961
-167.092637,100,2611.040297
-166.904955,100,2612.682377
-170.404662,100,2614.364822
-175.063471,100,2616.45797
-159.151224,100,2618.347057
-165.484254,100,2620.330361
-164.323612,100,2622.462584
-173.725944,100,2624.487811
-174.39084,100,2626.264286
-166.294085,100,2628.210893
-170.456677,100,2629.816054
-175.432468,100,2631.505164
-163.814167,100,2633.187715
-163.580905,100,2635.104686
-176.083578,100,2636.904005
-167.994611,100,2638.641002
-173.718264,100,2640.391259
-170.482713,100,2642.109015
-176.946747,100,2643.828743
-173.892811,100,2645.392556
-172.424103,100,2647.394381
-177.103523,100,2649.294749
-179.303223,100,2650.761985
-177.345595,100,2652.609696
-162.082138,100,2654.548824
-164.431858,100,2656.120493
-178.307693,100,2657.982995
-174.651914,100,2660.218457
-171.926171,100,2662.455937
-171.49762,100,2664.718318
-169.577041,100,2666.779828
-159.125932,100,2668.804919
-173.819146,100,2670.893501
-159.99938,100,2673.042549
-170.256151,100,2674.668003
-173.028547,100,2676.086594
-171.402931,100,2677.951879
-149.506143,100,2679.738201
-166.187248,100,2681.37502
-170.53457,100,2683.44205
-169.033388,100,2685.447702
-174.918984,100,2687.582275
-169.83396,100,2689.853199
-171.0664,100,2691.905849
-175.54758,100,2693.334501
-179.260163,100,2695.079137
-175.241543,100,2697.014691
-162.426029,100,2699.074728
-169.754807,100,2701.396184
-183.386962,100,2703.374097
-171.367058,100,2705.31105
-172.827666,100,2707.004846
-179.578019,100,2708.666013
-162.568793,100,2710.60465
-172.754765,100,2712.406192
-167.268627,100,2714.318342
-171.209347,100,2716.10696
-164.171029,100,2717.744297
-168.224123,100,2719.356925
-164.445365,100,2721.44913
-154.944557,100,2723.370929
-166.04967,100,2725.120804
-173.929428,100,2727.303347
-168.662336,100,2729.256844
-178.930987,100,2730.950005
-180.23953,100,2732.517543
-168.07572,100,2734.654367
-178.054228,100,2736.326331
-173.551207,100,2738.378788
-159.821896,100,2740.540329
-169.473731,100,2742.372753
-177.754417,100,2744.083077
-175.339706,100,2745.710642
-174.763672,100,2747.636973
-160.092876,100,2749.656801
-155.216901,100,2751.705787
-168.081029,100,2753.881858
-176.33812,100,2755.580495
-172.815077,100,2757.545297
-152.097879,100,2759.594765
-175.775701,100,2761.41947
-175.438531,100,2763.361831
-175.881671,100,2764.892267
-163.423274,100,2766.467528
-161.909392,100,2768.46202
-171.822829,100,2770.357799
-173.592343,100,2772.123111
-168.694884,100,2774.07752
-172.541122,100,2775.633878
-172.635972,100,2777.22861
-173.545768,100,2778.775603
-171.567792,100,2780.571559
-163.269375,100,2782.130921
-158.39979,100,2784.070853
-171.648105,100,2785.536884
-176.874747,100,2787.066355
-172.724344,100,2788.983523
-162.928879,100,2790.692324
-180.950371,100,2792.528283
-175.062954,100,2794.331706
-172.111058,100,2795.88126
-173.730805,100,2797.859369
-169.688332,100,2799.487415
-167.534746,100,2801.708076
-163.316765,100,2803.582214
-173.420634,100,2805.26142
-156.042256,100,2806.852694
-174.920917,100,2808.447564
-159.113533,100,2810.531597
-168.119871,100,2812.426354
-168.71204,100,2814.510425
-177.591107,100,2816.189976
-158.376061,100,2817.931525
-176.001483,100,2819.69116
-173.179356,100,2821.600204
-174.615554,100,2823.26105
-173.690424,100,2825.332708
-166.117123,100,2827.575912
-166.634084,100,2829.394195
-175.967886,100,2830.889797
-181.433669,100,2832.45777
-174.290254,100,2834.099448
-167.715721,100,2836.211119
-162.134364,100,2838.028471
-173.643594,100,2839.841523
-160.591704,100,2841.88281
-181.3014,100,2843.765645
-164.348954,100,2845.726612
-164.203465,100,2847.421173
-173.769426,100,2849.09044
-169.104903,100,2851.11763
-166.998314,100,2853.416565
-170.649512,100,2855.521972
-177.429475,100,2857.179896
-175.576876,100,2858.708416
-176.538053,100,2860.195346
-167.683624,100,2862.098986
-176.796369,100,2863.772312
-166.355619,100,2865.458102
-174.503875,100,2867.096389
-178.142688,100,2869.095027
-167.410289,100,2871.150914
-180.601617,100,2872.953316
-174.549703,100,2874.665316
-176.809704,100,2876.298005
-173.095683,100,2878.321803
-168.594014,100,2880.13169
-179.731903,100,2881.978975
-180.345596,100,2884.068995
-173.939622,100,2885.75889
-173.664251,100,2887.828294
-170.525556,100,2889.470982
-167.779161,100,2891.182869
-178.17084,100,2892.745546
-179.363529,100,2894.138382
-165.889955,100,2895.720127
-180.223138,100,2897.440739
-176.93011,100,2899.415076
-164.363934,100,2901.096741
-166.926025,100,2902.704168
-176.807433,100,2904.79292
-165.040559,100,2907.015676
-161.541994,100,2909.373224
-173.359198,100,2910.804471
-161.232426,100,2912.423874
-161.592417,100,2914.16141
-172.462485,100,2915.851742
-165.98969,100,2917.943109
-166.34721,100,2919.904657
-169.60098,100,2922.010379
-169.63125,100,2923.908246
-176.382962,100,2926.101054
-171.242798,100,2927.586976
-176.728529,100,2929.470002
-171.092609,100,2930.983097
-173.257409,100,2932.665684
-176.812351,100,2934.71375
-163.078371,100,2936.744774
-180.481312,100,2938.621346
-164.440652,100,2940.20023
-180.861894,100,2941.854382
-177.040408,100,2943.775923
-156.605958,100,2945.780412
-172.597234,100,2947.711787
-178.270616,100,2949.470985
-174.247269,100,2951.467381
-175.86201,100,2953.224979
-171.492381,100,2955.077009
-178.145351,100,2957.002929
-175.907251,100,2958.561475
-178.328803,100,2960.662649
-171.805411,100,2962.702088
-179.700062,100,2964.427001
-182.068907,100,2966.280311
-181.647631,100,2968.397321
-170.544421,100,2970.171062
-160.822032,100,2971.89956
-175.284898,100,2973.452937
-176.775945,100,2975.016486
-172.661949,100,2976.578763
-178.07938,100,2978.413586
-171.050617,100,2980.576596
-174.827725,100,2982.464999
-170.121755,100,2984.428347
-163.036501,100,2986.174102
-175.972163,100,2987.948459
-174.283926,100,2989.999298
-169.025275,100,2991.73566
-173.871992,100,2993.908774
-152.477109,100,2996.123904
-180.700228,100,2998.077543
-169.169671,100,3000.182215
-167.338788,100,3002.205738
-176.105809,100,3004.184957
-168.733993,100,3005.917323
-170.660053,100,3007.6545
-179.763943,100,3009.470552
-171.656735,100,3011.331587
-176.487292,100,3013.131621
-170.862783,100,3015.233358
-159.129898,100,3017.026066
-168.036612,100,3019.083068
-177.829554,100,3021.233831
-169.408513,100,3022.993961
-172.516608,100,3024.976168
-181.093822,100,3026.841774
-163.740879,100,3028.853079
-174.440786,100,3030.807588
-177.140076,100,3032.440076
-177.202776,100,3034.329181
-173.505694,100,3036.019739
-174.884481,100,3038.321115
-170.661037,100,3039.764158
-181.025123,100,3041.680929
-178.052614,100,3043.447344
-178.995288,100,3045.092592
-181.532191,100,3046.910792
-176.469161,100,3048.528796
-177.902902,100,3050.350737
-182.147056,100,3052.330525
-178.596774,100,3054.242199
-162.325362,100,3056.16564
-181.437648,100,3058.126423
-170.749776,100,3060.170181
-164.673443,100,3062.07221
-164.076743,100,3063.807747
-175.352484,100,3065.552518
-158.91111,100,3067.403949
-176.515432,100,3069.299798
-175.430961,100,3071.11647
-173.216274,100,3073.003533
-176.509261,100,3074.772636
-169.639924,100,3076.787353
-179.96783,100,3078.585355
-161.431749,100,3080.179372
-167.466841,100,3082.099025
-176.565518,100,3084.135958
-172.565572,100,3086.383578
-169.854389,100,3088.240733
-179.344301,100,3089.839843
-170.153838,100,3091.340288
-170.998221,100,3092.89753
-171.143142,100,3094.516695
-173.895149,100,3096.0216
-177.735073,100,3097.478209
-169.588216,100,3099.278474
-167.085935,100,3101.257277
-182.339602,100,3103.018075
-177.882821,100,3104.62916
-177.759563,100,3106.084597
-177.508585,100,3107.665835
-176.847366,100,3109.612111
-170.601484,100,3111.585007
-176.977403,100,3113.574621
-173.016887,100,3115.180344
-173.119022,100,3116.999041
-178.214328,100,3119.034009
-172.2595,100,3120.556946
-171.515588,100,3122.485076
-178.345484,100,3124.177229
-178.039086,100,3125.904893
-171.386136,100,3127.746747
-168.13336,100,3129.184592
-178.52309,100,3131.234099
-171.637886,100,3133.212932
-169.68316,100,3135.143217
-169.522525,100,3137.117985
-177.836422,100,3138.997088
-177.165604,100,3140.768813
-167.703564,100,3142.663816
-172.023028,100,3144.142859
-174.434491,100,3145.791489
-161.657683,100,3147.536446
-168.900918,100,3149.035059
-170.46615,100,3150.741445
-171.831835,100,3152.661293
-169.223633,100,3154.440747
-175.212492,100,3156.053042
-159.011746,100,3157.933445
-170.09706,100,3159.992419
-173.921892,100,3161.402205
-161.916477,100,3162.932797
-173.599785,100,3164.567221
-176.003229,100,3166.171522
-169.495964,100,3168.178855
-175.688593,100,3170.16269
-170.112387,100,3172.066834
-166.798138,100,3173.721105
-176.660856,100,3175.355927
-165.125464,100,3177.284158
-169.143732,100,3179.065709
-179.016413,100,3180.55637
-177.497617,100,3182.287976
-168.456887,100,3184.203914
-168.386468,100,3186.387055
-170.994893,100,3188.422535
-170.652426,100,3190.216805
-172.797435,100,3191.964401
-164.634728,100,3193.902733
-158.040126,100,3195.898171
-166.310549,100,3197.629315
-178.427853,100,3199.321931
-179.721776,100,3201.006695
-165.014245,100,3202.84868
-176.025422,100,3204.404989
-177.729114,100,3206.055933
-173.979442,100,3207.691789
-179.440633,100,3209.543478
-162.660774,100,3210.932822
-172.431275,100,3212.745832
-160.764918,100,3214.634963
-170.835577,100,3216.28969
-175.110554,100,3218.147466
-169.782081,100,3219.910816
-150.910321,100,3221.685547
-169.340376,100,3223.402035
-159.358992,100,3225.46033
-177.863505,100,3226.847823
-174.261417,100,3228.532995
-175.809316,100,3229.95468
-169.335744,100,3231.524419
-168.69806,100,3233.819425
-176.757839,100,3235.859893
-168.520954,100,3237.5976
-178.14265,100,3239.160797
-169.772964,100,3240.741659
-166.773608,100,3242.671231
-180.835699,100,3244.552088
-172.97382,100,3246.279385
-168.330156,100,3248.422403
-163.465047,100,3250.193317
-170.32633,100,3251.665334
-176.165891,100,3253.236386
-172.681861,100,3254.856171
-179.45869,100,3256.475596
-172.058539,100,3258.939676
-180.804478,100,3260.82397
-162.190533,100,3262.687671
-174.586289,100,3264.563887
-177.179261,100,3266.417624
-162.216404,100,3267.946485
-171.901036,100,3269.967911
-176.088715,100,3271.593461
-171.965184,100,3273.56531
-164.218534,100,3275.267249
-177.075447,100,3276.706363
-163.183716,100,3278.521372
-166.732595,100,3280.260687
-171.953437,100,3282.364794
-148.98499,100,3284.504864
-180.992918,100,3286.04911
-180.30386,100,3287.803087
-164.100535,100,3289.94925
-168.988838,100,3291.924096
-161.14696,100,3293.721236
-168.989098,100,3295.53939
-170.523558,100,3297.20912
-171.373969,100,3299.144612
-172.384153,100,3301.098231
-176.386291,100,3302.960462
-178.267701,100,3304.70735
-174.645083,100,3306.599007
-154.620727,100,3308.417901
-172.930095,100,3310.482392
-170.538742,100,3312.162796
-178.965218,100,3313.881741
-172.617295,100,3315.870348
-171.540693,100,3317.566302
-162.409721,100,3319.713556
-170.072998,100,3321.472953
-148.316321,100,3323.417915
-158.482332,100,3325.187836
-163.123541,100,3326.583041
-148.091022,100,3328.478688
-176.683461,100,3330.036711
-175.858554,100,3331.603351
-170.864401,100,3333.507265
-168.762622,100,3335.679713
-173.2197,100,3337.705921
-166.961302,100,3339.522456
-171.102389,100,3341.052709
-175.840073,100,3343.05995
-168.348892,100,3345.056827
-171.779375,100,3347.257705
-168.299046,100,3349.231261
-176.809049,100,3351.236393
-171.516536,100,3353.151237
-173.807735,100,3355.204579
-175.201114,100,3356.993817
-169.354591,100,3359.33561
-146.392194,100,3361.254299
-176.370443,100,3362.990576
-167.946063,100,3364.46303
-166.895191,100,3366.050885
-166.626265,100,3367.621703
-170.205756,100,3369.257017
-158.331589,100,3371.078614
-161.672907,100,3372.933207
-172.959217,100,3374.442296
-169.636225,100,3376.372286
-163.052058,100,3378.414328
-170.732081,100,3380.313202
-170.217054,100,3382.315363
-158.230502,100,3384.556017
-168.465025,100,3385.965527
-154.546983,100,3387.651926
-164.050968,100,3389.381847
-167.321717,100,3391.009763
-168.151114,100,3392.934224
-166.662255,100,3394.814065
-174.790982,100,3396.818521
-165.328405,100,3398.632159
-159.024669,100,3400.125633
-163.395317,100,3402.113678
-176.306109,100,3403.975426
-162.244052,100,3405.825015
-153.54225,100,3407.740243
-157.999161,100,3409.76031
-172.39624,100,3411.593267
-167.58441,100,3413.129703
-178.957979,100,3414.699195
-166.02371,100,3416.826799
-171.263621,100,3418.526595
-173.177152,100,3420.318805
-170.529349,100,3422.179553
-169.959702,100,3423.816774
-165.497271,100,3425.765579
-162.972494,100,3427.244308
-162.687772,100,3428.916648
-173.405889,100,3430.816842
-169.053461,100,3432.778365
-171.882142,100,3434.507398
-160.907247,100,3436.413538
-165.9555,100,3438.51288
-177.337617,100,3440.091256
-148.251895,100,3441.908234
-167.830191,100,3443.721536
-155.617962,100,3445.680887
-166.175781,100,3447.285143
-133.733555,100,3449.721143
-175.403508,100,3451.463557
-168.194101,100,3453.117101
-167.586639,100,3455.039609
-169.741378,100,3456.900256
-173.608403,100,3458.445901
-173.325016,100,3460.399916
-169.73484,100,3462.338234
-175.798725,100,3464.197464
-168.394139,100,3466.063129
-162.045243,100,3467.643103
-167.432868,100,3469.828235
-168.34777,100,3471.34087
-157.811549,100,3473.002348
-167.716971,100,3474.70546
-158.477259,100,3476.507784
-164.876148,100,3478.452402
-170.265383,100,3480.383396
-164.749798,100,3482.159803
-164.08032,100,3483.897156
-146.814028,100,3485.471796
-169.648779,100,3487.027363
-159.368977,100,3488.799535
-174.341989,100,3490.625059
-157.59494,100,3492.189038
-163.456206,100,3493.837589
-157.80714,100,3495.598402
-137.729,100,3497.828304
-169.657055,100,3499.383694
-175.195304,100,3501.328887
-163.041511,100,3503.185164
-153.618088,100,3505.199399
-170.105828,100,3507.155613
-170.058593,100,3509.02619
-164.296603,100,3511.119969
-166.618853,100,3513.263566
-171.736906,100,3514.922613
-170.754819,100,3516.994705
-145.191618,100,3519.173634
-169.505821,100,3521.102707
-160.523298,100,3522.819771
-162.184721,100,3524.793524
-144.173967,100,3526.676247
-164.606753,100,3528.50765
-166.490396,100,3530.37558
-152.350196,100,3532.226323
-163.659942,100,3534.228574
-165.929619,100,3535.894328
-161.718654,100,3537.668846
-145.447476,100,3539.621847
-168.319606,100,3541.58597
-156.578499,100,3543.056785
-159.784956,100,3544.829075
-169.279357,100,3546.37115
-155.121152,100,3548.343495
-164.64705,100,3550.336439
-170.431489,100,3552.171528
-163.818004,100,3554.116333
-152.094981,100,3555.983896
-167.040798,100,3557.534151
-160.519466,100,3558.869781
-156.147807,100,3561.052331
-123.592349,100,3563.288065
-123.269059,100,3564.884957
-162.536745,100,3566.55653
-106.72064,100,3568.67063
-156.126797,100,3570.291817
-126.79267,100,3572.205291
-133.630221,100,3574.351548
-162.039605,100,3576.348377
-142.233238,100,3578.06296
-133.1536,100,3580.032044
-148.142426,100,3582.063218
-155.400183,100,3584.120962
-138.381898,100,3585.83091
-123.276465,100,3587.731141
-164.94089,100,3589.409207
-153.520909,100,3591.140254
-163.58607,100,3592.685114
-153.14508,100,3594.557891
-155.343816,100,3596.718437
-174.041731,100,3598.787123
-157.796156,100,3601.139089
-150.370962,100,3602.998395
-112.148299,100,3605.49008
-169.900102,100,3607.412405
-169.371639,100,3609.05995
-165.807339,100,3610.728441
-173.697997,100,3612.218302
-168.775151,100,3613.82843
-166.560024,100,3615.529791
-158.577672,100,3617.331489
-166.231797,100,3619.43464
-164.73265,100,3620.857124
-142.052221,100,3623.023139
-164.604937,100,3625.097001
-152.222693,100,3626.934809
-173.595239,100,3628.304067
-163.823903,100,3630.180093
-173.77821,100,3631.931469
-169.387079,100,3633.495613
-171.035483,100,3635.05972
-173.237847,100,3636.443666
-168.966787,100,3637.905426
-159.350522,100,3640.014215
-120.109972,100,3641.955892
-170.330741,100,3643.823598
-160.415082,100,3645.965998
-167.575067,100,3647.811543
-164.332119,100,3649.806351
-168.20877,100,3651.59673
-171.704087,100,3653.218138
-158.261971,100,3654.818189
-171.796027,100,3656.632849
-114.053266,100,3658.88882
-164.363516,100,3660.376773
-163.102903,100,3661.849214
-166.53958,100,3663.440173
-173.573661,100,3665.122209
-169.306014,100,3667.081439
-167.158417,100,3668.452965
-167.245441,100,3670.282184
-174.320024,100,3672.236407
-172.918533,100,3673.743896
-156.068581,100,3675.223973
-160.491489,100,3676.623504
-165.832502,100,3678.438272
-154.202577,100,3680.392168
-170.663024,100,3682.061442
-164.217199,100,3683.853956
-164.009275,100,3685.788622
-162.734448,100,3687.502976
-168.263916,100,3688.911887
-158.388759,100,3690.399806
-165.557926,100,3692.253415
-160.855567,100,3693.890633
-168.766361,100,3695.56275
-156.117453,100,3697.281663
-139.997794,100,3699.343907
-165.649538,100,3700.749925
-144.815591,100,3702.498467
-156.256361,100,3704.085232
-153.61738,100,3706.105196
-158.382457,100,3708.070329
-170.167208,100,3710.016186
-162.680517,100,3711.783036
-163.683241,100,3713.222795
-156.747209,100,3714.615891
-164.338521,100,3716.399141
-164.105031,100,3718.269657
-164.847956,100,3720.046059
-166.34807,100,3721.532592
-149.93106,100,3723.537804
-168.124796,100,3725.475916
-160.509491,100,3727.239456
-167.986593,100,3728.858784
-166.443061,100,3730.404293
-165.041132,100,3731.988011
-161.865442,100,3733.565184
-174.366931,100,3735.242266
-166.504714,100,3737.371192
-164.438059,100,3739.225003
-163.102845,100,3740.88542
-155.444629,100,3742.77176
-160.504297,100,3744.848671
-167.271285,100,3746.666968
-162.76082,100,3748.29625
-163.948532,100,3749.724684
-156.666231,100,3751.483751
-165.320857,100,3753.420877
-164.908673,100,3755.207923
-172.450959,100,3757.129644
-161.182363,100,3759.085513
-151.824925,100,3761.22085
-169.709456,100,3763.283663
-163.929991,100,3765.363006
-163.637185,100,3767.050519
-165.72633,100,3769.072816
-168.433738,100,3771.205788
-171.0434,100,3772.762235
-160.224156,100,3774.11069
-157.670765,100,3776.030411
-172.570635,100,3777.6917
-159.624195,100,3779.068974
-167.21914,100,3780.661651
-138.493134,100,3782.793093
-165.15588,100,3784.81946
-152.342486,100,3786.501063
-167.889198,100,3787.976505
-171.717641,100,3789.504864
-162.078207,100,3791.256695
-166.351222,100,3793.226804
-168.9561,100,3795.09162
-167.189737,100,3796.926479
-167.359874,100,3798.713069
-169.622616,100,3800.608487
-166.049138,100,3802.565919
-169.643188,100,3804.073556
-165.53444,100,3805.740869
-172.732748,100,3807.153316
-169.457911,100,3808.820244
-163.7216,100,3810.591326
-175.361886,100,3812.062586
-166.847909,100,3813.494386
-172.625617,100,3815.082909
-169.463923,100,3816.696434
-170.769551,100,3818.91434
-172.80984,100,3820.702569
-175.072929,100,3822.568182
-173.686378,100,3824.22291
-170.843755,100,3825.793024
-175.139255,100,3827.456322
-176.572828,100,3829.077944
-172.732976,100,3830.636477
-175.591151,100,3832.450418
-176.293307,100,3834.344139
-172.220871,100,3836.236015
-138.354606,100,3838.628049
-174.442751,100,3840.43237
-176.355926,100,3842.093616
-174.843345,100,3844.038453
-159.904825,100,3845.595321
-174.2838,100,3847.608738
-177.158512,100,3849.393021
-171.131044,100,3851.325964
-175.805513,100,3853.268607
-138.469288,100,3855.411413
-174.661357,100,3857.43796
-173.987571,100,3859.121949
-176.32027,100,3860.748377
-170.388326,100,3862.275262
-150.620368,100,3864.258907
-172.205726,100,3866.408201
-171.507909,100,3868.082838
-175.770761,100,3869.604075
-166.599997,100,3871.096677
-170.248165,100,3873.050531
-172.883456,100,3874.809188
-174.564974,100,3876.922412
-174.367864,100,3878.293127
-175.344167,100,3880.079486
-172.19157,100,3881.910792
-173.275709,100,3883.941221
-173.621428,100,3885.735258
-170.275328,100,3887.254235
-176.118399,100,3888.706429
-169.035558,100,3890.496261
-166.718114,100,3892.244023
-174.338625,100,3894.13838
-167.439665,100,3896.246192
-173.966046,100,3898.059851
-170.257386,100,3899.658053
-172.19505,100,3901.446556
-176.478331,100,3902.806313
-174.873621,100,3904.346081
-173.50997,100,3905.924228
-172.738986,100,3907.930938
-168.223526,100,3909.439253
-173.57776,100,3911.219464
-173.08026,100,3912.667415
-173.714451,100,3914.079492
-173.360951,100,3915.534278
-166.267946,100,3916.878066
-173.424905,100,3918.537346
-173.414029,100,3920.300868
-169.406035,100,3922.283882
-165.127131,100,3924.255899
-168.979278,100,3926.166782
-172.918092,100,3928.156923
-172.922709,100,3930.169408
-174.547725,100,3931.669805
-176.077482,100,3933.100217
-177.839555,100,3934.567924
-172.55844,100,3936.041341
-170.697304,100,3937.546784
-174.258531,100,3939.344865
-175.361071,100,3940.851858
-179.048142,100,3942.626242
-170.061728,100,3944.562871
-175.561921,100,3946.060818
-173.435827,100,3947.641773
-175.675151,100,3949.238224
-159.453852,100,3950.96791
-169.930545,100,3952.804692
-173.530861,100,3954.637729
-172.093718,100,3956.509429
-172.872819,100,3958.38048
-165.370222,100,3960.14397
-171.297227,100,3962.153804
-168.408312,100,3963.464495
-174.301723,100,3964.90306
-169.157213,100,3966.382629
-170.044004,100,3968.334216
-167.339477,100,3970.401594
-173.516826,100,3972.107019
-170.085131,100,3973.920147
-176.589772,100,3975.594963
-171.944389,100,3977.161256
-175.930898,100,3979.108537
-163.957854,100,3980.87212
-177.378112,100,3982.897643
-170.877086,100,3984.842414
-174.050118,100,3986.618634
-174.488192,100,3987.938603
-173.666853,100,3989.806937
-176.252898,100,3991.816853
-174.920413,100,3993.907247
-166.740108,100,3995.920778
-163.390235,100,3997.251372
-168.71543,100,3998.916791
-168.348484,100,4000.598505
-167.76805,100,4002.513688
-168.603916,100,4004.522575
-175.252672,100,4006.388013
-166.941827,100,4007.949006
-165.736336,100,4009.730458
-172.107912,100,4011.427191
-170.555663,100,4013.046778
-168.05295,100,4014.791661
-171.335894,100,4016.650647
-162.155953,100,4018.433933
-163.860628,100,4019.7454
-166.694161,100,4021.416003
-170.684564,100,4023.241099
-167.73809,100,4025.198561
-169.360032,100,4026.857119
-164.620285,100,4028.553727
-170.402619,100,4030.270356
-164.349153,100,4031.912888
-170.225119,100,4033.942741
-160.615867,100,4035.668128
-169.273171,100,4037.091763
-168.229428,100,4038.910011
-173.054374,100,4040.724127
-169.576066,100,4042.653807
-166.644984,100,4044.703216
-173.829932,100,4046.490831
-176.013427,100,4048.358598
-174.978203,100,4050.047803
-168.952078,100,4051.467208
-167.535693,100,4053.080635
-174.65133,100,4054.739631
-174.031609,100,4056.559405
-171.882401,100,4058.277727
-174.205447,100,4059.878241
-164.367287,100,4061.757478
-169.118514,100,4063.542228
-163.088219,100,4065.388876
-170.397138,100,4066.798904
-171.090708,100,4068.87725
-173.380591,100,4070.619614
-168.596092,100,4072.164001
-169.428632,100,4073.743771
-172.255421,100,4075.227206
-167.170343,100,4076.928308
-172.582827,100,4078.986653
-173.885704,100,4080.618335
-168.032549,100,4082.132023
-169.331707,100,4084.024217
-173.738784,100,4086.25575
-169.644131,100,4088.052872
-172.22662,100,4089.75427
-169.512642,100,4093.51476
-166.943263,100,4095.292403
-165.672862,100,4097.002942
-168.447366,100,4098.568756
-173.044616,100,4100.06573
-169.596492,100,4101.449481
-173.513498,100,4102.885986
-170.209913,100,4104.30904
-174.205066,100,4105.630512
-176.891774,100,4107.06003
-170.896673,100,4108.418508
-171.106995,100,4109.974026
-173.711897,100,4111.510156
-171.069185,100,4113.215105
-177.446385,100,4115.151419
-168.823475,100,4116.971063
-170.632289,100,4118.709355
-178.041682,100,4120.1873
-174.326839,100,4121.785792
-174.402625,100,4123.479442
-173.892962,100,4125.269772
-169.182455,100,4127.185586
-168.316862,100,4128.840506
-173.690597,100,4130.652469
-174.708953,100,4132.508954
-172.776099,100,4134.115756
-171.552166,100,4135.683509
-170.476652,100,4137.169196
-161.094636,100,4138.640727
-173.732507,100,4140.380086
-174.167546,100,4142.161012
-173.399964,100,4143.962412
-177.931596,100,4145.939454
-172.935825,100,4147.983322
-171.725338,100,4149.973573
-167.195059,100,4151.535672
-170.47621,100,4153.196156
-173.829458,100,4154.667316
-168.479057,100,4156.045178
-174.132619,100,4158.166335
-167.543972,100,4159.908637
-176.569061,100,4161.368912
-170.998908,100,4162.852268
-172.139905,100,4164.168582
-172.657694,100,4165.68723
-177.323896,100,4166.989208
-173.215367,100,4168.294937
-162.728588,100,4169.66302
-175.717924,100,4171.087852
-172.123483,100,4172.706767
