#{"env_id": "BaxterReachEnv-v12", "t_start": 1543951577.5821013}
r,l,t
-38.194962,100,3.829171
-36.767854,100,5.749905
-38.983539,100,7.586731
-35.866826,100,9.269818
-39.725338,100,11.124664
-37.04495,100,13.209095
-35.749686,100,15.176676
-43.948743,100,17.226783
-46.415549,100,19.398039
-37.376508,100,21.563963
-37.307113,100,23.576793
-36.452535,100,25.611177
-37.46845,100,27.677071
-36.157054,100,29.652758
-38.560607,100,31.578396
-36.953456,100,33.52336
-39.825331,100,35.458009
-35.393762,100,37.354001
-50.466026,100,39.385521
-37.575026,100,41.291505
-37.636025,100,43.232268
-47.249193,100,45.411878
-35.369209,100,47.410219
-37.75159,100,49.435032
-35.959755,100,51.352131
-36.371652,100,53.327605
-36.16817,100,55.305763
-36.467603,100,57.307321
-38.306244,100,59.303009
-36.924013,100,61.289568
-37.886245,100,63.225167
-36.686621,100,65.145622
-38.966336,100,67.052495
-37.346493,100,68.972721
-44.848799,100,70.946458
-36.034761,100,72.86162
-38.746528,100,74.77585
-38.924205,100,76.74064
-36.692925,100,78.644843
-37.04179,100,80.549822
-38.235156,100,82.501853
-35.858359,100,84.423814
-38.027424,100,86.366501
-36.559343,100,88.289223
-35.267743,100,90.17977
-35.976785,100,92.06787
-35.941628,100,93.973051
-35.799117,100,95.866292
-38.032918,100,97.803342
-38.204364,100,99.788259
-37.733805,100,101.708379
-38.367813,100,103.637724
-36.050968,100,105.539117
-36.421697,100,107.432536
-35.893488,100,109.310887
-37.129583,100,111.236199
-36.233442,100,113.148924
-37.041169,100,115.040088
-37.156734,100,116.93447
-37.038605,100,118.833087
-36.099867,100,121.57314
-36.76021,100,123.511102
-34.222392,100,125.418731
-37.395089,100,127.348849
-36.811888,100,129.286674
-36.592701,100,131.202491
-47.432031,100,133.23392
-36.649908,100,135.18307
-36.049104,100,137.085676
-36.09896,100,139.007962
-37.129894,100,141.055771
-35.685772,100,142.961244
-35.972015,100,144.843436
-36.343591,100,146.763703
-36.022602,100,148.652934
-39.837827,100,150.58648
-36.900575,100,152.482393
-35.917793,100,154.391657
-39.468766,100,156.310957
-36.325851,100,158.601765
-37.995197,100,160.856224
-37.526966,100,162.773938
-36.127622,100,164.687181
-35.725545,100,166.614979
-37.717973,100,168.591022
-35.755845,100,170.512799
-36.21697,100,172.470438
-36.933482,100,174.408044
-37.711743,100,176.355108
-37.928299,100,178.3594
-36.857721,100,180.536048
-34.825806,100,182.487974
-35.685574,100,184.365584
-36.011398,100,186.279851
-35.092044,100,188.189304
-36.920711,100,190.124072
-46.936347,100,192.048558
-37.443808,100,193.935438
-39.526151,100,195.84575
-35.296306,100,197.75941
-48.759208,100,199.884766
-36.863897,100,201.980932
-47.643024,100,203.945918
-38.23152,100,205.884623
-35.978897,100,207.832952
-36.88582,100,209.777679
-36.005149,100,211.737677
-39.379525,100,213.612712
-37.527481,100,215.582191
-36.137521,100,217.508996
-35.614297,100,219.385592
-37.831579,100,221.452642
-44.463079,100,223.358184
-46.336936,100,225.393669
-46.067006,100,227.440519
-35.728849,100,229.351882
-39.117664,100,231.289321
-43.562913,100,233.259307
-37.301259,100,235.249282
-36.894483,100,237.182575
-36.605315,100,239.058359
-38.293876,100,241.094219
-37.653171,100,243.025665
-44.49479,100,245.140048
-38.95914,100,247.070467
-36.411717,100,249.039571
-38.191477,100,251.003749
-35.820699,100,252.909266
-36.970937,100,254.792495
-36.626567,100,256.655906
-37.738505,100,258.56528
-37.043175,100,260.603853
-36.145621,100,262.494203
-36.615872,100,264.415774
-36.952714,100,266.321283
-38.433234,100,268.258326
-38.924675,100,270.175882
-36.343564,100,272.091953
-37.50358,100,274.036554
-36.782458,100,275.933465
-37.852835,100,277.865337
-37.290116,100,279.807425
-35.083,100,281.895843
-38.648974,100,283.81631
-36.889742,100,285.753317
-37.640477,100,287.70519
-39.340189,100,289.617464
-37.042586,100,291.51538
-35.680003,100,293.42633
-36.569844,100,295.327725
-35.333277,100,297.254947
-36.58135,100,299.180358
-38.88174,100,301.262759
-43.650267,100,303.171956
-37.441197,100,305.109534
-35.826486,100,307.028551
-37.822755,100,308.937716
-38.439195,100,310.861449
-36.220641,100,312.87959
-35.93549,100,314.798328
-38.009617,100,316.708549
-35.682609,100,318.5821
-37.66616,100,320.68469
-35.797007,100,322.625858
-35.929006,100,324.520344
-36.340149,100,326.410771
-38.511867,100,328.247538
-35.066152,100,330.15729
-38.745654,100,332.09169
-36.671901,100,334.064601
-40.59334,100,335.993454
-36.596354,100,337.916588
-38.692438,100,339.992008
-38.251585,100,341.941212
-37.636224,100,343.899498
-38.458187,100,345.875805
-36.657795,100,347.785032
-36.061061,100,349.693349
-36.585948,100,351.63705
-36.865375,100,353.561063
-38.053027,100,355.512295
-37.889115,100,357.427514
-51.019494,100,359.48474
-37.152188,100,361.592924
-37.57298,100,363.518069
-36.192688,100,365.444181
-37.49387,100,367.335805
-39.558659,100,369.192775
-37.239757,100,371.119133
-36.716452,100,373.053839
-38.752065,100,374.907038
-39.028537,100,376.776436
-39.02288,100,378.684581
-36.929015,100,380.857462
-37.636982,100,382.779417
-37.111984,100,384.68562
-36.896126,100,386.623536
-36.628773,100,388.573514
-37.17417,100,390.499717
-44.080243,100,392.465498
-37.224531,100,394.464942
-39.708217,100,396.467193
-38.673231,100,398.293166
-36.734794,100,400.424547
-39.257121,100,402.309113
-37.855085,100,404.190322
-37.17844,100,406.091924
-37.566619,100,408.005112
-37.172671,100,409.904628
-38.678483,100,411.832701
-37.138039,100,413.73059
-48.401206,100,415.767728
-37.952481,100,417.691585
-37.446175,100,419.789926
-36.355817,100,421.690046
-37.119976,100,423.644822
-59.322404,100,425.755952
-37.459535,100,427.705449
-38.168802,100,429.66196
-36.000489,100,431.576742
-37.395489,100,433.456384
-39.709908,100,435.38552
-37.734976,100,437.282882
-37.233067,100,439.186879
-38.916894,100,441.195758
-42.597538,100,443.196027
-38.062544,100,445.105941
-37.118066,100,446.997749
-35.69565,100,448.941268
-37.25266,100,450.868123
-37.95279,100,452.822462
-35.433246,100,454.789575
-37.448223,100,456.700083
-36.757756,100,458.693328
-40.027267,100,460.826914
-36.823478,100,462.714147
-37.586284,100,464.731582
-38.490994,100,466.612445
-37.732913,100,468.48567
-35.882678,100,470.409064
-38.53364,100,472.319858
-38.240099,100,474.186367
-37.618329,100,476.100344
-37.6961,100,478.034276
-36.330588,100,480.14976
-36.873523,100,482.099185
-36.704271,100,484.00091
-39.541379,100,485.970451
-48.591412,100,488.028905
-35.70727,100,489.954905
-37.316028,100,491.854168
-46.781108,100,493.871909
-41.175849,100,495.819591
-36.769098,100,497.688542
-36.813677,100,499.762951
-38.060135,100,501.680369
-37.248635,100,503.607422
-41.607752,100,505.590934
-50.111085,100,507.736842
-36.564244,100,509.692504
-38.026212,100,511.673477
-41.904876,100,513.682591
-38.222601,100,515.627146
-38.149156,100,517.557381
-37.828406,100,519.563422
-36.8315,100,521.650357
-35.280523,100,523.640119
-39.110354,100,525.58409
-38.410524,100,527.652845
-37.902024,100,529.55432
-37.270782,100,531.325233
-38.303789,100,533.039674
-36.70073,100,534.742678
-37.45969,100,536.570654
-37.750815,100,538.524467
-38.624398,100,540.612922
-37.684625,100,542.517323
-38.958418,100,544.493667
-36.698485,100,546.379676
-37.210878,100,548.249657
-37.134379,100,550.174753
-37.212597,100,552.084772
-40.293423,100,554.014485
-45.998832,100,556.030337
-36.187013,100,557.915558
-39.226144,100,560.093704
-37.761212,100,562.016771
-40.628763,100,564.030048
-37.995711,100,566.036562
-38.219514,100,567.978064
-37.579177,100,569.914665
-38.865585,100,571.845306
-38.103626,100,573.7947
-38.300193,100,575.701205
-38.939584,100,577.621812
-39.023838,100,579.778697
-36.295053,100,581.702914
-37.871995,100,583.64709
-37.710322,100,585.559391
-36.981682,100,587.505835
-37.836495,100,589.464693
-37.594196,100,591.431242
-38.246808,100,593.297371
-37.093931,100,595.236614
-38.450739,100,597.101225
-36.970124,100,599.000922
-53.038582,100,601.393765
-38.735142,100,603.328744
-37.919247,100,605.287048
-38.970469,100,607.158361
-48.074948,100,609.229729
-39.883397,100,611.088207
-37.51705,100,612.968811
-37.232407,100,614.864417
-39.069961,100,616.795565
-38.839032,100,618.661519
-38.94334,100,620.762115
-38.87085,100,622.682189
-37.342344,100,624.599356
-39.442057,100,626.549582
-40.425131,100,628.53337
-40.689937,100,630.444783
-38.227221,100,632.331495
-37.182568,100,634.236542
-42.340544,100,636.086782
-38.808743,100,637.986986
-38.95718,100,640.124082
-37.949701,100,642.077281
-37.501351,100,644.048115
-38.284631,100,645.950805
-37.664199,100,647.846809
-38.278561,100,649.795183
-38.325526,100,651.742073
-39.033706,100,653.598369
-51.882708,100,655.724518
-36.590085,100,657.706976
-37.844545,100,659.787546
-39.23804,100,661.740361
-38.484434,100,663.647947
-37.06338,100,665.557557
-38.261453,100,667.462536
-38.473038,100,669.388311
-39.949047,100,671.438043
-36.801063,100,673.37439
-39.024471,100,675.210458
-39.365195,100,677.198691
-38.257891,100,679.35725
-43.678835,100,681.334657
-37.334601,100,683.27379
-38.888564,100,685.184301
-38.240171,100,687.199666
-37.910651,100,689.121975
-38.398978,100,691.002712
-36.829527,100,692.947356
-37.020788,100,694.806401
-40.090407,100,696.715175
-39.349065,100,698.629661
-40.121571,100,700.711448
-39.278357,100,702.678208
-38.393917,100,704.542517
-40.162293,100,706.439246
-39.138105,100,708.367745
-38.766466,100,710.306333
-40.232283,100,712.272174
-37.415039,100,714.217454
-38.338924,100,716.12631
-38.844572,100,718.006999
-36.844701,100,720.056911
-38.912369,100,721.970311
-38.852541,100,723.874538
-37.689952,100,725.805295
-38.807628,100,727.721773
-38.055582,100,729.605394
-39.90212,100,731.554126
-50.212889,100,733.60353
-41.327483,100,735.611969
-47.151506,100,737.690563
-40.045897,100,739.814696
-37.186587,100,741.745095
-39.159567,100,743.694625
-38.750851,100,745.668791
-38.934669,100,747.584959
-43.593833,100,749.415997
-42.200471,100,751.441385
-38.445052,100,753.30896
-37.48337,100,755.16982
-39.519113,100,757.121604
-36.784019,100,759.235605
-38.151694,100,761.269818
-40.313983,100,763.257174
-41.533892,100,765.106223
-41.536497,100,767.016867
-38.587899,100,768.887972
-40.722231,100,770.776523
-37.497202,100,772.700781
-41.812355,100,774.673717
-40.300146,100,776.565125
-39.909325,100,778.469948
-38.39499,100,780.534529
-40.905996,100,782.407452
-38.057922,100,784.36616
-39.797025,100,786.23958
-41.190149,100,788.150855
-38.483924,100,790.038148
-41.325866,100,791.912187
-41.994642,100,793.771864
-38.828759,100,795.679328
-37.511894,100,797.557182
-48.504409,100,799.826908
-38.969968,100,801.74628
-44.225615,100,803.682813
-40.281996,100,805.626889
-37.496642,100,807.565857
-36.607434,100,809.471014
-40.377102,100,811.459918
-39.423787,100,813.394802
-38.481016,100,815.305632
-42.653688,100,817.280602
-38.397927,100,819.333828
-47.91208,100,821.36446
-42.547461,100,823.341382
-38.123835,100,825.326216
-41.313993,100,827.254707
-38.081328,100,828.941223
-39.214475,100,830.774148
-39.837108,100,832.705279
-37.905155,100,834.63287
-38.293397,100,836.540832
-38.555489,100,838.604343
-38.0477,100,840.553019
-39.258512,100,842.440113
-42.857285,100,844.387442
-42.129552,100,846.234455
-39.623529,100,848.173767
-51.909774,100,850.21887
-38.213851,100,852.098391
-39.128692,100,853.951398
-38.783725,100,855.852412
-39.996779,100,857.799697
-39.849804,100,859.837169
-38.97445,100,861.786578
-51.233444,100,863.848585
-39.329183,100,865.742986
-37.842027,100,867.66172
-41.497894,100,869.63446
-38.306643,100,871.545761
-36.869721,100,873.50573
-57.070439,100,875.723184
-38.343081,100,877.626103
-38.983995,100,879.65835
-39.285279,100,881.52451
-40.495076,100,883.384723
-38.184656,100,885.301583
-42.161453,100,887.19573
-40.622713,100,889.098011
-38.357954,100,890.814094
-39.801338,100,892.701481
-40.350782,100,894.539674
-36.339634,100,896.484378
-38.480061,100,898.546672
-36.988798,100,900.483309
-40.645971,100,902.414142
-39.418343,100,904.334709
-39.109913,100,906.340966
-38.598905,100,908.27047
-38.497192,100,910.145152
-39.326324,100,912.07601
-38.71131,100,913.996056
-38.794943,100,915.917208
-37.194083,100,918.038728
-41.134148,100,919.989973
-37.765282,100,921.916286
-40.333857,100,923.819894
-39.473113,100,925.738708
-38.231792,100,927.658227
-39.102472,100,929.596401
-38.523833,100,931.524534
-38.097503,100,933.452781
-38.129426,100,935.347928
-37.319365,100,937.264565
-38.179999,100,939.336338
-36.73063,100,941.262884
-39.607781,100,943.198128
-37.690343,100,945.131984
-38.587295,100,947.022719
-39.4372,100,948.921319
-37.576391,100,950.839785
-37.61172,100,952.762488
-44.725292,100,954.716424
-39.079891,100,956.660213
-39.432837,100,958.779268
-38.530172,100,960.710154
-38.844498,100,962.654776
-40.848059,100,964.531716
-38.713441,100,966.393128
-60.125139,100,968.472537
-38.160342,100,970.361305
-37.483472,100,972.267682
-39.832701,100,974.185563
-48.756946,100,976.3507
-38.723643,100,978.719646
-38.968168,100,980.962824
-39.544841,100,982.977948
-38.981753,100,984.972325
-49.08699,100,987.086361
-38.013552,100,989.079621
-38.972079,100,991.000104
-35.727202,100,992.888929
-38.418589,100,994.81848
-39.005181,100,996.723816
-38.979071,100,998.74729
-40.356646,100,1000.654048
-39.405703,100,1002.662265
-38.700166,100,1004.56781
-38.570433,100,1006.494454
-40.480714,100,1008.389968
-36.822206,100,1010.280804
-42.311531,100,1012.191008
-39.015986,100,1014.099349
-39.290766,100,1015.998287
-40.223054,100,1017.959698
-40.224978,100,1020.046186
-41.072662,100,1021.938945
-38.692553,100,1023.831594
-38.205298,100,1025.747197
-40.611968,100,1027.684715
-37.767211,100,1029.621163
-39.251868,100,1031.540549
-38.787464,100,1033.418528
-38.534121,100,1035.364789
-38.927084,100,1037.279583
-37.739559,100,1039.397233
-39.661085,100,1041.349507
-38.876305,100,1043.256446
-39.431518,100,1045.191237
-39.000961,100,1047.196452
-37.616529,100,1049.1027
-38.786858,100,1051.034166
-37.455183,100,1052.958496
-37.365294,100,1054.886219
-40.38324,100,1056.852979
-41.493778,100,1058.928093
-41.609197,100,1060.810487
-38.085908,100,1062.689914
-40.178171,100,1064.642829
-40.337133,100,1066.550328
-39.043642,100,1068.478984
-41.080708,100,1070.330902
-39.006519,100,1072.28469
-48.448937,100,1074.459744
-38.404327,100,1076.349303
-41.029925,100,1078.338144
-44.879186,100,1080.311458
-40.578813,100,1082.26954
-41.477244,100,1084.150177
-36.108863,100,1086.089442
-40.182607,100,1087.930979
-37.300363,100,1089.841172
-37.250682,100,1091.732535
-38.518499,100,1093.598894
-39.116013,100,1095.665509
-38.224896,100,1097.503884
-44.222411,100,1099.511405
-42.781814,100,1101.311266
-39.382792,100,1103.154827
-38.29646,100,1105.100254
-37.44169,100,1107.16161
-42.05533,100,1109.096482
-39.405032,100,1110.837532
-40.747191,100,1112.847731
-37.558709,100,1114.796017
-38.513532,100,1116.600108
-38.420867,100,1118.741963
-38.241989,100,1120.651176
-38.201691,100,1122.452269
-39.468573,100,1124.247478
-39.052258,100,1126.15498
-39.387917,100,1127.921942
-37.738487,100,1129.631747
-39.256248,100,1131.327246
-41.116159,100,1133.039047
-39.576497,100,1134.817903
-38.400918,100,1136.732954
-39.218683,100,1138.483143
-40.652409,100,1140.434216
-39.585578,100,1142.381087
-36.90046,100,1144.363667
-37.874028,100,1146.14906
-39.65699,100,1147.97365
-40.709997,100,1149.726691
-51.506817,100,1151.672978
-37.763458,100,1153.423522
-39.076273,100,1155.385662
-39.162346,100,1157.129921
-39.185181,100,1158.888294
-40.697986,100,1160.561859
-38.7093,100,1162.301846
-38.394928,100,1164.206614
-36.941732,100,1166.338095
-39.939732,100,1168.327575
-43.116894,100,1170.252012
-38.533081,100,1172.004704
-39.156322,100,1174.12993
-38.905039,100,1176.031099
-40.171318,100,1177.832481
-40.54894,100,1179.57219
-45.659906,100,1181.957732
-38.73949,100,1183.795333
-37.86718,100,1185.542204
-42.021033,100,1187.456511
-38.292555,100,1189.20467
-37.700504,100,1190.977271
-38.962773,100,1192.79121
-38.822624,100,1194.634184
-40.104208,100,1196.341932
-48.081647,100,1198.22723
-39.035293,100,1200.188483
-49.144965,100,1202.194114
-36.787458,100,1204.039967
-37.276028,100,1205.918273
-38.443445,100,1207.76293
-39.441681,100,1209.579148
-39.203477,100,1211.398331
-38.165195,100,1213.289505
-40.07714,100,1215.065693
-39.141047,100,1216.917194
-37.697083,100,1218.65223
-38.156264,100,1220.668152
-37.547647,100,1222.52375
-41.266227,100,1224.221544
-38.903913,100,1226.007606
-39.252545,100,1227.783629
-38.190644,100,1229.696646
-39.280989,100,1231.861421
-39.402991,100,1233.692122
-38.084413,100,1235.438139
-39.257942,100,1237.345578
-40.712463,100,1239.389335
-37.50344,100,1241.216932
-43.433089,100,1243.018082
-39.477165,100,1244.839093
-38.777543,100,1246.704049
-37.149213,100,1248.831078
-41.528081,100,1250.771149
-40.758377,100,1252.496684
-38.991491,100,1254.399078
-40.405171,100,1256.17043
-38.871082,100,1258.026182
-38.855888,100,1259.837242
-37.375225,100,1261.617914
-41.770376,100,1263.504899
-38.706153,100,1265.286182
-38.681296,100,1267.198734
-39.113321,100,1269.053752
-37.742659,100,1270.904907
-39.316893,100,1272.836602
-37.893413,100,1274.793512
-37.590337,100,1276.673654
-39.553502,100,1278.351075
-39.303353,100,1280.070154
-37.870196,100,1281.810362
-40.078401,100,1283.650157
-39.829965,100,1285.582541
-37.785057,100,1287.590457
-39.376534,100,1289.485251
-37.087802,100,1291.254162
-37.785965,100,1293.255554
-38.293804,100,1294.934166
-38.062042,100,1296.790591
-40.088271,100,1298.684172
-39.209126,100,1300.425412
-40.153731,100,1302.211716
-36.190973,100,1304.043723
-45.874333,100,1305.890449
-40.297409,100,1307.942965
-37.141368,100,1309.780672
-36.491681,100,1311.591124
-41.896373,100,1313.323891
-38.626413,100,1315.187383
-39.031136,100,1317.029512
-38.189688,100,1318.71795
-38.974994,100,1320.524991
-38.777663,100,1322.259485
-38.295349,100,1324.161281
-40.520615,100,1326.227443
-40.298526,100,1328.005676
-38.416487,100,1329.856551
-38.809364,100,1331.620626
-35.770002,100,1333.516197
-47.173904,100,1335.396179
-38.445728,100,1337.178989
-38.866222,100,1338.916696
-36.189054,100,1340.743246
-38.270418,100,1342.620569
-36.521056,100,1344.46438
-40.504215,100,1346.51912
-38.952159,100,1348.445849
-38.182525,100,1350.387683
-39.887648,100,1352.149156
-47.863978,100,1354.338413
-37.919552,100,1356.208019
-37.330705,100,1357.947734
-38.943587,100,1359.820761
-39.142616,100,1361.560895
-39.979918,100,1363.830191
-38.910909,100,1366.07999
-44.975247,100,1368.014114
-58.390381,100,1370.138226
-38.552187,100,1371.893225
-38.722814,100,1373.694638
-49.019441,100,1375.913494
-38.331828,100,1378.077293
-38.782162,100,1379.984104
-49.199191,100,1381.772388
-42.603884,100,1383.489574
-40.495333,100,1385.531309
-45.953528,100,1387.644906
-39.790216,100,1389.537468
-40.96524,100,1391.239052
-40.46908,100,1392.954641
-39.164511,100,1394.706975
-38.238823,100,1396.526834
-39.008715,100,1398.664569
-38.904392,100,1400.49703
-39.930897,100,1402.24211
-38.879953,100,1404.319182
-38.223797,100,1406.19908
-39.994481,100,1408.046385
-39.760762,100,1409.86522
-38.874648,100,1411.687333
-38.406915,100,1413.399056
-41.04414,100,1415.081859
-48.518071,100,1416.874422
-40.106243,100,1418.704991
-39.146817,100,1420.376021
-38.751178,100,1422.151672
-39.701804,100,1424.037677
-38.349822,100,1425.740388
-38.314782,100,1427.460972
-38.912932,100,1429.19519
-38.773502,100,1431.081125
-37.987187,100,1432.815767
-39.682417,100,1434.576596
-38.152224,100,1436.264227
-37.446445,100,1438.076235
-38.360614,100,1440.013068
-43.141583,100,1441.998587
-40.324544,100,1443.679733
-38.466079,100,1445.423181
-38.75548,100,1447.120633
-37.812794,100,1448.904991
-37.328657,100,1450.751442
-39.15113,100,1452.554584
-39.046696,100,1454.289905
-38.301115,100,1456.067316
-36.97668,100,1457.829869
-38.486819,100,1459.823387
-45.832519,100,1461.69614
-39.728035,100,1463.433246
-38.532058,100,1465.296614
-39.704143,100,1467.025267
-38.725062,100,1468.841242
-39.89821,100,1470.663833
-41.220169,100,1472.433252
-38.530397,100,1474.266881
-39.449307,100,1476.134997
-38.859764,100,1478.156775
-37.305502,100,1479.848475
-39.757741,100,1481.751936
-39.069177,100,1483.449621
-39.025149,100,1485.132757
-37.728921,100,1486.822076
-39.043308,100,1488.706942
-38.342145,100,1490.394952
-39.395375,100,1492.09344
-36.685673,100,1493.843565
-45.16663,100,1495.667521
-39.114058,100,1497.66967
-37.840998,100,1499.444568
-38.469364,100,1501.430415
-37.167387,100,1503.400506
-38.618363,100,1505.200356
-38.774511,100,1507.014941
-48.37217,100,1508.901835
-38.550286,100,1510.631399
-46.979871,100,1512.50725
-37.504923,100,1514.218382
-37.801601,100,1516.244257
-40.477526,100,1518.084187
-39.816565,100,1519.854888
-39.627163,100,1521.640206
-37.201917,100,1523.490575
-37.012528,100,1525.228446
-39.453894,100,1527.006987
-38.040593,100,1528.715833
-43.211113,100,1530.60355
-40.014779,100,1532.639979
-37.232046,100,1534.915795
-38.816873,100,1536.970386
-36.836337,100,1539.025675
-40.901847,100,1541.055597
-39.062262,100,1542.872122
-57.771532,100,1544.758455
-37.263294,100,1546.469091
-38.787307,100,1548.242468
-38.113836,100,1549.950634
-40.399389,100,1551.825216
-38.006321,100,1553.792357
-38.155651,100,1555.608101
-44.892626,100,1557.37566
-40.517526,100,1559.267358
-39.433406,100,1561.095182
-36.429263,100,1562.924862
-39.284209,100,1564.720422
-37.869724,100,1566.606318
-38.119812,100,1568.598376
-38.653959,100,1570.726331
-38.372766,100,1572.645313
-38.253891,100,1574.67645
-36.429993,100,1576.419248
-47.361906,100,1578.285829
-37.87466,100,1580.005424
-38.665148,100,1581.702073
-40.134846,100,1583.453686
-37.606797,100,1585.223359
-37.828341,100,1587.13963
-48.745066,100,1589.024259
-37.832495,100,1590.74808
-39.165216,100,1592.703864
-40.370569,100,1594.456455
-38.976448,100,1596.227525
-37.133955,100,1598.166106
-38.741461,100,1600.111198
-44.622966,100,1601.944196
-37.642271,100,1603.747121
-39.812509,100,1605.514057
-37.634193,100,1607.212734
-38.33478,100,1608.951314
-38.645274,100,1610.854974
-41.157697,100,1612.639678
-39.192793,100,1614.292166
-39.21765,100,1615.912625
-39.513952,100,1617.63475
-38.737521,100,1619.351022
-38.671253,100,1621.162591
-37.995942,100,1622.906385
-38.884508,100,1624.619388
-38.111503,100,1626.357963
-38.865763,100,1628.249954
-38.491284,100,1629.885152
-40.270936,100,1631.615208
-38.583133,100,1633.320394
-39.922503,100,1635.110127
-39.925346,100,1636.971072
-39.954028,100,1638.910498
-39.09507,100,1640.692129
-38.331137,100,1642.413128
-39.559856,100,1644.141445
-37.944783,100,1646.021349
-37.688426,100,1647.851387
-37.804801,100,1649.664472
-45.69737,100,1651.764263
-39.578887,100,1653.659222
-40.721463,100,1655.643554
-37.499018,100,1657.603485
-39.306722,100,1659.489466
-36.328559,100,1661.371904
-40.401172,100,1663.173587
-39.649509,100,1664.888447
-37.659151,100,1666.890838
-38.562847,100,1668.631675
-39.514238,100,1670.492634
-40.357407,100,1672.349676
-38.465387,100,1674.205368
-38.332474,100,1676.313214
-37.643236,100,1678.226085
-38.263087,100,1680.001551
-40.904729,100,1681.672542
-38.512407,100,1683.378849
-49.933595,100,1685.444306
-39.005236,100,1687.21922
-39.964015,100,1689.115951
-37.81951,100,1690.883022
-37.533146,100,1692.608772
-39.305654,100,1694.486249
-36.374567,100,1696.232235
-38.110701,100,1697.95542
-41.507736,100,1699.667968
-38.966807,100,1701.403981
-37.861923,100,1703.254741
-38.192297,100,1705.079264
-37.464521,100,1706.763848
-41.540201,100,1708.42775
-38.68265,100,1710.124768
-38.023642,100,1711.887659
-42.885949,100,1713.648286
-36.454116,100,1715.532029
-38.711379,100,1717.277725
-37.625567,100,1719.000542
-46.634783,100,1721.120011
-38.183887,100,1722.922956
-38.020699,100,1724.629035
-38.420613,100,1726.3596
-39.174299,100,1728.142634
-39.846813,100,1729.889585
-38.694605,100,1731.657323
-36.891248,100,1733.356103
-37.613991,100,1735.09651
-40.370287,100,1736.88211
-38.820808,100,1738.695732
-37.856795,100,1740.555481
-38.335536,100,1742.311363
-37.363131,100,1744.065325
-42.502532,100,1745.787228
-38.008161,100,1747.494231
-37.919105,100,1749.194427
-38.062338,100,1750.915159
-40.018248,100,1752.628719
-40.499809,100,1754.520286
-63.114935,100,1756.782333
-40.005134,100,1758.81891
-37.654978,100,1760.583208
-41.432623,100,1762.294554
-38.986443,100,1764.143187
-39.927689,100,1766.438629
-37.443907,100,1768.688281
-37.579197,100,1770.826182
-39.221391,100,1772.93023
-41.643672,100,1775.099933
-38.492582,100,1777.077359
-38.011431,100,1778.92146
-37.541778,100,1780.75556
-38.63842,100,1782.505048
-40.741755,100,1784.247931
-38.374438,100,1785.946256
-37.426261,100,1787.752369
-39.833263,100,1789.525908
-36.697965,100,1791.280465
-38.035967,100,1793.122832
-41.249594,100,1794.878241
-37.673168,100,1796.926301
-37.528214,100,1798.692934
-37.479693,100,1800.404956
-38.655908,100,1802.299079
-38.071702,100,1804.005422
-37.351141,100,1805.838551
-39.461222,100,1807.630802
-40.228068,100,1809.383712
-37.547347,100,1811.198238
-40.436128,100,1812.905704
-37.564786,100,1814.662991
-42.707161,100,1816.600465
-38.080509,100,1818.41926
-36.927027,100,1820.241094
-37.127999,100,1822.078448
-37.049335,100,1823.827144
-36.585358,100,1825.541281
-43.638266,100,1827.266997
-42.119831,100,1829.063605
-37.74441,100,1830.90583
-37.586232,100,1832.616559
-49.091729,100,1834.637171
-37.687882,100,1836.328967
-39.126903,100,1837.989476
-38.19574,100,1839.705688
-38.138477,100,1841.598219
-37.829462,100,1843.359626
-40.846625,100,1845.095397
-39.692223,100,1846.83481
-41.805062,100,1848.634733
-38.836371,100,1850.451741
-40.18055,100,1852.505338
-38.414704,100,1854.305361
-37.022151,100,1856.096862
-37.09598,100,1858.027865
-36.875606,100,1859.694258
-37.233125,100,1861.459959
-43.322258,100,1863.203023
-38.361228,100,1864.97281
-38.566155,100,1866.706975
-37.12911,100,1868.477906
-37.683909,100,1870.412686
-36.850563,100,1872.178544
-37.324562,100,1873.981975
-37.912231,100,1875.860534
-37.63442,100,1877.864889
-36.005997,100,1879.944185
-39.619477,100,1881.857084
-38.652306,100,1883.760557
-37.513901,100,1885.634795
-37.760976,100,1887.471068
-38.944104,100,1889.502997
-39.938741,100,1891.687916
-39.889777,100,1893.807498
-38.277728,100,1895.729365
-39.555806,100,1897.642558
-43.158216,100,1899.509061
-38.765917,100,1901.558677
-37.762138,100,1903.285443
-37.308985,100,1904.98937
-38.555348,100,1906.953781
-48.181113,100,1908.882391
-37.36562,100,1910.914823
-38.515283,100,1912.725859
-47.452801,100,1914.653747
-51.981661,100,1916.525677
-38.540317,100,1918.371394
-38.711447,100,1920.038807
-36.415182,100,1921.750875
-37.726354,100,1923.487333
-38.619993,100,1925.346928
-37.008192,100,1927.108298
-37.085994,100,1928.934772
-40.329776,100,1930.804404
-36.831847,100,1932.533717
-37.702885,100,1934.306579
-36.714824,100,1935.964936
-37.291693,100,1937.645954
-48.864583,100,1939.544189
-37.140701,100,1941.258862
-39.452399,100,1943.064754
-39.991411,100,1944.752286
-38.873109,100,1946.620677
-38.125887,100,1948.492973
-38.511565,100,1950.261512
-37.429109,100,1952.08071
-39.534587,100,1953.834291
-37.291627,100,1955.817926
-40.195569,100,1957.726327
-37.855945,100,1959.694233
-38.838122,100,1961.628678
-40.157301,100,1963.598149
-47.987185,100,1965.74034
-38.198929,100,1967.730111
-37.067241,100,1969.450991
-40.019054,100,1971.13338
-38.130483,100,1972.91003
-37.408253,100,1974.663641
-54.70495,100,1976.553938
-37.104375,100,1978.265757
-38.981892,100,1980.0456
-41.541655,100,1981.938302
-40.446318,100,1983.892943
-38.740867,100,1985.851902
-39.924501,100,1987.628884
-39.229054,100,1989.333273
-45.779985,100,1991.174592
-38.419458,100,1992.899846
-37.382945,100,1994.598427
-38.154296,100,1996.31044
-36.688131,100,1998.117785
-37.496995,100,1999.879043
-37.525019,100,2001.636995
-39.423676,100,2003.550241
-44.289679,100,2005.337105
-38.741016,100,2007.037721
-37.456172,100,2008.830353
-37.199012,100,2010.548406
-37.792407,100,2012.384579
-37.825292,100,2014.311448
-38.885844,100,2016.172651
-38.238548,100,2017.952429
-38.224036,100,2019.746664
-37.290433,100,2021.654444
-46.67268,100,2023.435694
-39.057496,100,2025.346929
-38.075126,100,2027.061398
-37.625434,100,2028.795605
-38.503882,100,2030.555281
-39.180936,100,2032.500204
-39.192765,100,2034.361121
-39.482265,100,2036.261167
-38.575252,100,2038.101145
-39.042494,100,2039.94143
-38.389096,100,2041.905939
-37.468277,100,2043.583038
-38.385712,100,2045.38505
-37.173916,100,2047.094491
-39.793132,100,2048.810044
-38.207968,100,2050.539006
-37.82165,100,2052.252691
-37.899531,100,2053.971709
-38.623023,100,2055.820823
-39.102024,100,2057.642427
-37.38552,100,2059.669515
-38.483641,100,2061.435094
-39.924541,100,2063.226894
-37.451607,100,2065.009169
-37.579757,100,2066.835771
-39.139463,100,2068.597371
-36.924574,100,2070.350321
-38.784545,100,2072.177917
-39.866829,100,2073.940989
-40.081435,100,2075.626528
-39.468439,100,2077.721043
-38.168184,100,2079.408709
-38.892798,100,2081.183234
-38.583443,100,2082.881008
-40.677033,100,2084.6215
-37.532529,100,2086.404239
-38.606909,100,2088.22182
-38.66074,100,2089.976386
-37.745059,100,2091.728982
-39.013283,100,2093.969064
-38.89212,100,2096.100372
-38.115131,100,2098.164837
-39.044255,100,2100.032728
-37.809428,100,2101.896368
-38.967369,100,2103.714109
-37.446811,100,2105.601488
-37.793243,100,2107.577409
-39.724507,100,2109.54259
-38.424135,100,2111.31747
-37.855783,100,2113.065042
-36.802298,100,2114.892678
-39.095063,100,2116.566195
-38.042817,100,2118.367341
-39.810645,100,2120.106555
-37.677837,100,2121.960264
-37.875781,100,2123.688732
-37.649667,100,2125.455545
-38.659455,100,2127.220036
-37.911101,100,2128.958795
-37.765084,100,2130.650328
-38.985468,100,2132.357382
-38.770503,100,2134.247109
-38.699299,100,2135.948486
-38.152793,100,2137.667382
-37.538337,100,2139.337884
-47.119105,100,2141.314664
-39.357081,100,2143.078668
-38.504306,100,2145.045273
-41.19182,100,2146.933498
-38.41354,100,2148.660077
-37.919504,100,2150.487821
-38.443093,100,2152.397884
-37.53433,100,2154.305111
-39.955453,100,2156.033411
-39.605439,100,2157.770002
-38.62233,100,2159.577832
-39.306146,100,2161.28449
-38.34217,100,2162.949257
-39.547194,100,2164.799324
-37.330533,100,2166.701682
-37.689894,100,2168.644724
-36.934367,100,2170.629774
-37.724387,100,2172.375324
-37.904162,100,2174.122969
-39.013285,100,2175.913337
-39.644658,100,2177.639782
-39.248719,100,2179.441551
-39.512266,100,2181.299352
-41.078781,100,2183.110973
-37.966929,100,2184.811532
-40.058264,100,2186.505009
-38.169955,100,2188.36846
-36.228358,100,2190.129439
-41.698612,100,2191.973232
-39.060799,100,2193.867555
-38.097475,100,2195.633589
-37.701379,100,2197.3888
-38.632435,100,2199.236526
-42.176532,100,2200.983413
-38.996961,100,2202.810505
-40.756141,100,2204.599325
-38.687181,100,2206.341075
-38.326534,100,2208.387079
-38.838284,100,2210.135512
-38.573394,100,2211.87659
-38.873493,100,2213.666048
-37.526856,100,2215.414089
-38.346709,100,2217.376621
-39.246362,100,2219.255917
-39.709869,100,2221.186011
-39.649579,100,2223.356207
-46.962534,100,2225.333738
-38.252301,100,2227.266247
-38.258785,100,2229.055147
-36.572375,100,2230.993166
-38.603621,100,2232.985297
-38.005878,100,2234.933213
-39.300698,100,2236.831389
-38.400622,100,2238.753911
-37.997127,100,2240.613022
-39.27667,100,2242.534271
-42.611305,100,2244.409431
-38.64176,100,2246.384548
-39.20413,100,2248.250038
-38.061,100,2250.078315
-43.920196,100,2251.910118
-38.887975,100,2253.733124
-37.63806,100,2255.542247
-38.981261,100,2257.365946
-39.377075,100,2259.259351
-39.320455,100,2261.055779
-39.588403,100,2262.859721
-37.870819,100,2264.838459
-39.778615,100,2266.659592
-39.172004,100,2268.480975
-38.317791,100,2270.324579
-36.439546,100,2272.155268
-39.853008,100,2273.968019
-40.561492,100,2275.81419
-37.490187,100,2277.653797
-38.684851,100,2279.49814
-41.129154,100,2281.354586
-37.559172,100,2283.167625
-38.938264,100,2285.19599
-38.916016,100,2286.969693
-37.474951,100,2288.80381
-35.853705,100,2290.679401
-38.041942,100,2292.518589
-39.656937,100,2294.326524
-39.496572,100,2296.128412
-39.322772,100,2297.912305
-40.400828,100,2299.744647
-37.767524,100,2301.535192
-38.616397,100,2303.566072
-39.665843,100,2305.404454
-37.446347,100,2307.187442
-39.956405,100,2308.988322
-38.196844,100,2310.797539
-38.688492,100,2312.58258
-38.965324,100,2314.359761
-46.609622,100,2316.189524
-40.380803,100,2317.96842
-38.678289,100,2319.778037
-38.198086,100,2321.759634
-38.510148,100,2323.543769
-39.265712,100,2325.331811
-35.731374,100,2327.164541
-39.146215,100,2328.98004
-36.011682,100,2330.889813
-37.839825,100,2332.712261
-38.381547,100,2334.520286
-39.535324,100,2336.347142
-39.657242,100,2338.194313
-38.921332,100,2340.156566
-37.862366,100,2341.935237
-39.478448,100,2343.720948
-39.630137,100,2345.553519
-42.220584,100,2347.388787
-39.632753,100,2349.189689
-37.563231,100,2351.011649
-39.052104,100,2352.847568
-39.535048,100,2354.625875
-36.970044,100,2356.441431
-38.448601,100,2358.262963
-38.230607,100,2360.250183
-37.130917,100,2362.064975
-37.633396,100,2363.880649
-37.476712,100,2365.694272
-40.845943,100,2367.513952
-41.909401,100,2369.364639
-41.62973,100,2371.122085
-40.94583,100,2372.908788
-38.494104,100,2374.709911
-38.727729,100,2376.539475
-38.387777,100,2378.491426
-41.374934,100,2380.352876
-38.08868,100,2382.170455
-39.019513,100,2383.964416
-41.455911,100,2385.823228
-37.560225,100,2387.663134
-37.350048,100,2389.484345
-38.597776,100,2391.308442
-38.832799,100,2393.112697
-39.649746,100,2394.876935
-38.891591,100,2396.892842
-39.338595,100,2398.74098
-37.876903,100,2400.569013
-37.405649,100,2402.411108
-38.812302,100,2404.225741
-47.584966,100,2406.102407
-39.00711,100,2407.932297
-39.395062,100,2409.844606
-39.158056,100,2411.679308
-38.744828,100,2413.600626
-39.992956,100,2415.492632
-40.019722,100,2417.199363
-39.864889,100,2418.929938
-37.892514,100,2420.66921
-38.732083,100,2422.566064
-38.040918,100,2424.471305
-38.944208,100,2426.350055
-39.767155,100,2428.163667
-37.673927,100,2429.980201
-37.321779,100,2431.90592
-38.566198,100,2433.802466
-36.678208,100,2435.827369
-38.18802,100,2437.787852
-40.173389,100,2439.712505
-37.840494,100,2441.494789
-39.063488,100,2443.424948
-39.015909,100,2445.274585
-40.667341,100,2447.094933
-38.494757,100,2448.917303
-44.971798,100,2450.753271
-38.94156,100,2452.57228
-41.176246,100,2454.576096
-38.626089,100,2456.475412
-38.878631,100,2458.360625
-38.579263,100,2460.278291
-39.668,100,2462.083799
-38.717393,100,2463.937354
-37.628768,100,2465.75212
-42.671048,100,2467.609904
-39.065324,100,2469.441296
-55.298877,100,2471.485398
-36.762051,100,2473.397808
-39.568535,100,2475.348724
-39.043625,100,2477.145953
-41.5721,100,2479.045507
-39.452701,100,2480.944372
-43.536264,100,2482.848361
-39.45195,100,2484.77581
-39.507665,100,2486.639934
-37.926029,100,2488.553109
-38.167709,100,2490.472437
-38.446482,100,2493.083811
-41.430089,100,2495.157505
-38.434381,100,2497.443289
-46.393628,100,2499.571934
-39.510154,100,2501.416394
-46.045985,100,2503.374655
-37.456888,100,2505.289356
-39.98691,100,2507.043255
-41.35607,100,2508.876596
-41.396993,100,2510.700694
-38.069754,100,2512.612293
-38.055311,100,2514.671789
-38.195713,100,2516.57363
-38.776168,100,2518.42626
-38.26422,100,2520.489805
-38.104563,100,2522.706056
-39.284262,100,2524.8829
-37.547114,100,2527.006137
-37.202678,100,2529.358584
-40.159663,100,2531.428282
-39.418703,100,2533.340241
-42.030825,100,2535.390425
-39.088698,100,2537.207293
-50.465238,100,2539.287199
-40.57686,100,2541.104667
-37.819778,100,2542.984117
-38.410088,100,2544.78709
-40.937435,100,2546.692294
-39.686234,100,2548.620608
-38.219662,100,2550.446643
-41.869406,100,2552.338306
-40.761259,100,2554.381552
-38.346309,100,2556.257049
-46.69669,100,2558.109949
-49.15853,100,2560.074238
-38.774057,100,2561.937939
-38.884032,100,2563.764688
-42.11255,100,2565.659025
-39.987313,100,2567.526229
-37.862041,100,2569.445678
-40.809014,100,2571.335444
-39.059897,100,2573.351271
-40.026016,100,2575.318427
-40.344056,100,2577.259611
-39.769857,100,2579.16292
-41.857419,100,2581.138705
-38.873676,100,2583.006821
-43.453756,100,2584.856901
-37.536739,100,2586.751906
-41.577802,100,2588.559589
-37.482927,100,2590.451498
-39.43543,100,2592.445247
-37.926366,100,2594.315306
-47.282043,100,2596.257206
-38.767843,100,2598.125848
-41.672367,100,2600.068534
-40.148159,100,2602.377287
-39.667717,100,2604.322214
-37.719142,100,2606.249992
-38.735168,100,2608.009245
-39.780344,100,2609.817455
-38.314192,100,2611.729381
-52.300786,100,2613.880883
-39.937733,100,2615.792007
-40.669817,100,2618.272795
-39.670103,100,2620.569967
-39.396529,100,2622.41406
-39.039438,100,2624.312118
-43.844481,100,2626.201754
-39.246027,100,2628.11627
-38.568984,100,2630.79891
-40.705568,100,2632.691946
-38.851335,100,2634.90864
-40.035353,100,2636.810106
-38.724544,100,2638.664045
-43.959967,100,2640.530824
-39.797567,100,2642.395361
-40.006122,100,2644.276039
-40.232818,100,2646.191201
-46.41178,100,2648.173124
-39.184164,100,2649.997305
-42.734348,100,2651.849948
-41.132985,100,2653.817762
-39.406927,100,2655.641689
-39.04248,100,2657.56658
-38.728492,100,2659.316489
-45.773206,100,2661.172511
-39.656344,100,2663.079092
-39.911733,100,2664.846875
-38.18898,100,2666.718657
-38.400448,100,2668.604619
-40.409822,100,2670.439981
-38.058686,100,2672.352346
-38.613226,100,2674.272821
-39.072212,100,2676.123123
-39.658581,100,2677.977046
-39.99269,100,2679.783435
-38.418814,100,2681.635057
-37.967321,100,2683.473333
-40.481835,100,2685.279582
-39.38528,100,2687.202128
-38.659221,100,2689.313157
-40.298829,100,2691.808886
-38.779413,100,2693.941615
-38.375678,100,2695.75991
-40.702762,100,2697.642962
-38.7983,100,2699.412759
-39.168356,100,2701.232561
-37.650534,100,2703.086972
-39.259863,100,2705.001404
-44.400455,100,2706.968123
-39.837171,100,2708.916527
-42.825907,100,2710.773697
-38.670463,100,2712.810826
-39.051267,100,2714.700723
-39.016624,100,2716.53845
-41.034446,100,2718.440138
-40.256704,100,2720.345355
-37.421021,100,2722.188778
-41.770239,100,2724.030656
-38.688088,100,2725.891896
-36.574405,100,2727.685942
-36.891416,100,2729.567167
-38.850698,100,2731.531952
-40.949773,100,2733.460786
-54.623378,100,2735.714967
-39.851128,100,2737.713591
-39.460067,100,2739.588501
-53.608155,100,2741.822465
-37.684516,100,2744.165927
-39.361349,100,2746.341925
-37.192431,100,2748.205063
-38.924761,100,2750.153412
-37.502772,100,2752.174219
-45.549109,100,2754.082172
-39.036238,100,2756.346733
-39.576911,100,2758.50214
-36.498029,100,2760.325281
-38.11798,100,2762.073369
-38.539647,100,2763.802218
-40.574756,100,2765.606932
-41.35408,100,2767.474787
-38.819088,100,2769.37308
-39.490619,100,2771.204362
-37.764826,100,2773.26709
-38.240114,100,2775.046524
-39.044798,100,2776.949296
-37.983948,100,2778.878321
-40.542525,100,2780.649225
-53.853904,100,2782.745833
-39.982259,100,2784.76739
-45.739795,100,2786.586768
-39.652475,100,2788.448324
-41.232663,100,2790.281562
-38.616256,100,2792.263606
-39.707744,100,2794.148685
-38.237227,100,2795.952408
-39.436297,100,2797.783151
-38.405964,100,2799.655405
-38.230287,100,2801.487945
-39.09248,100,2803.367036
-38.538073,100,2805.305933
-40.846323,100,2807.68175
-39.597172,100,2810.016283
-39.77139,100,2812.012887
-40.179688,100,2813.792772
-40.125586,100,2815.644735
-40.994824,100,2817.537766
-41.153809,100,2819.345564
-38.42541,100,2821.226556
-37.066013,100,2823.091677
-40.127602,100,2824.956953
-38.841306,100,2826.857174
-38.961907,100,2828.728451
-39.206898,100,2830.646967
-41.119728,100,2832.415628
-40.245754,100,2834.256625
-37.92833,100,2836.600493
-39.569433,100,2838.907432
-38.623493,100,2841.274884
-37.004783,100,2843.203401
-39.337347,100,2845.080622
-41.390076,100,2846.941972
-39.160846,100,2848.828364
-39.951333,100,2850.687379
-37.688452,100,2852.650723
-39.076354,100,2854.389449
-39.961601,100,2856.18705
-38.743213,100,2858.090112
-39.144825,100,2860.092004
-38.930906,100,2861.909223
-40.270806,100,2863.712837
-38.784901,100,2865.433287
-39.211314,100,2867.252414
-43.588163,100,2869.136127
-38.373095,100,2871.108762
-50.552112,100,2873.430392
-38.946945,100,2875.304794
-41.412078,100,2877.178249
-38.365498,100,2879.012475
-42.736776,100,2880.886757
-41.251423,100,2882.749322
-37.799533,100,2884.650538
-37.574121,100,2886.513453
-40.286123,100,2888.615239
-37.785131,100,2890.796317
-38.938435,100,2892.611665
-37.511968,100,2894.4796
-39.309481,100,2896.268885
-38.952089,100,2898.154502
-39.557953,100,2900.201513
-37.74484,100,2902.080891
-39.756837,100,2903.935625
-37.667294,100,2905.746749
-39.427948,100,2907.685645
-37.158523,100,2909.608298
-37.192845,100,2911.474372
-37.662659,100,2913.659045
-38.444647,100,2916.089919
-36.934481,100,2917.9652
-38.113084,100,2919.8106
-40.435126,100,2921.691394
-39.138666,100,2923.585928
-45.291451,100,2925.492487
-38.308881,100,2927.210567
-38.058344,100,2928.957078
-38.672536,100,2930.932564
-38.704184,100,2932.836634
-38.910099,100,2934.698172
-41.234836,100,2936.536179
-42.162049,100,2938.389071
-39.95354,100,2940.29599
-36.911658,100,2942.255723
-38.447787,100,2944.224046
-41.156523,100,2946.104009
-37.918393,100,2947.960435
-40.092533,100,2950.017202
-39.004433,100,2951.956504
-41.370191,100,2953.838834
-36.64327,100,2955.712198
-36.974211,100,2957.575516
-36.660771,100,2959.587199
-39.274169,100,2961.459708
-47.913125,100,2963.656788
-38.618324,100,2965.58826
-37.960047,100,2967.423301
-44.450617,100,2969.567155
-39.146172,100,2971.73699
-40.181085,100,2973.686574
-38.860055,100,2975.577219
-37.824466,100,2977.451808
-39.474311,100,2979.295919
-36.030284,100,2981.185015
-38.375283,100,2983.085079
-36.561484,100,2984.982028
-38.732797,100,2986.827248
-38.885403,100,2988.992462
-36.040297,100,2990.868056
-38.546307,100,2992.846709
-38.022399,100,2994.684981
-37.390321,100,2996.52238
-52.327251,100,2998.491615
-37.604196,100,3000.285465
-36.576085,100,3002.106678
-38.515791,100,3004.016706
-38.113055,100,3005.900526
-50.200498,100,3008.361254
-37.478135,100,3010.456369
-41.877737,100,3012.288105
-36.673522,100,3014.165717
-37.991986,100,3016.146123
-40.849994,100,3018.379662
-37.85362,100,3020.760532
-34.709989,100,3022.739526
-40.741416,100,3024.660731
-36.378271,100,3026.54315
-39.75503,100,3028.922334
-36.50708,100,3031.022838
-38.181443,100,3032.908737
-38.893506,100,3034.800318
-41.010728,100,3036.649858
-41.978404,100,3038.659411
-37.419125,100,3040.538869
-36.964355,100,3042.409364
-36.631201,100,3044.291261
-37.548069,100,3046.153484
-49.991343,100,3048.19533
-36.20222,100,3050.18527
-38.483591,100,3051.8754
-37.671039,100,3053.744412
-35.931235,100,3055.596932
-38.078883,100,3057.406348
-38.296032,100,3059.225216
-37.006153,100,3061.045342
-38.460989,100,3062.869891
-39.050325,100,3064.731289
-36.813782,100,3066.693667
-37.658574,100,3068.71578
-40.127948,100,3070.577013
-38.938114,100,3072.413021
-36.485163,100,3074.215118
-35.936118,100,3075.966851
-35.405868,100,3077.660367
-36.561234,100,3079.411214
-38.220439,100,3081.146859
-37.510573,100,3083.00027
-39.705255,100,3084.892013
-36.490656,100,3086.951339
-36.720546,100,3088.799038
-35.28265,100,3090.670915
-38.888053,100,3092.518219
-44.227367,100,3094.453009
-48.856364,100,3096.43571
-36.569078,100,3098.257467
-37.117606,100,3100.20855
-37.743799,100,3102.033419
-37.451336,100,3103.971781
-54.338591,100,3105.911208
-37.023852,100,3107.88793
-50.885541,100,3109.796196
-35.944882,100,3111.693366
-40.180806,100,3113.519335
-37.299861,100,3115.405041
-38.114019,100,3117.260016
-35.756407,100,3119.051172
-36.980837,100,3120.894313
-35.218174,100,3122.753441
-39.802289,100,3124.778472
-42.741098,100,3127.315519
-35.815919,100,3129.163507
-35.728646,100,3131.104367
-35.880003,100,3133.010831
-36.531392,100,3134.850008
-37.598422,100,3136.659559
-37.567131,100,3138.494334
-37.170068,100,3140.693703
-39.461552,100,3142.878854
-37.451931,100,3144.782898
-40.700711,100,3146.900317
-37.239253,100,3148.800678
-37.211154,100,3150.68472
-38.048435,100,3152.54312
-37.533034,100,3154.325793
-38.534935,100,3156.190744
-42.775379,100,3158.263662
-39.916637,100,3160.047821
-38.098129,100,3161.843755
-36.409701,100,3163.685132
-37.781834,100,3165.74913
-35.679565,100,3167.530353
-35.234229,100,3169.318701
-37.819213,100,3171.199779
-37.082969,100,3173.065245
-37.682599,100,3174.927091
-35.980625,100,3176.808237
-37.576892,100,3178.751007
-42.125185,100,3180.632405
-37.661289,100,3182.485003
-38.523775,100,3184.408828
-38.319901,100,3186.397608
-39.831209,100,3188.333216
-38.290621,100,3190.189921
-35.885761,100,3192.050587
-47.455662,100,3194.230669
-38.623438,100,3196.063665
-46.939678,100,3197.964646
-35.359187,100,3199.812855
-36.981257,100,3201.685355
-37.335636,100,3203.570861
-38.314121,100,3206.031635
-39.094734,100,3207.967314
-37.796972,100,3209.819369
-40.17851,100,3211.705097
-39.716526,100,3213.605933
-37.060828,100,3215.411888
-38.11158,100,3217.274442
-38.459199,100,3219.071812
-36.287875,100,3221.002288
-36.49142,100,3222.86808
-37.950067,100,3224.880704
-38.341085,100,3226.746497
-38.686397,100,3228.641836
-37.205586,100,3230.41579
-40.926227,100,3232.320269
-37.381921,100,3234.278185
-38.428092,100,3236.211242
-36.633035,100,3238.432292
-36.897023,100,3240.403559
-36.787702,100,3242.252112
-38.075906,100,3244.236987
-36.413436,100,3246.059719
-43.303702,100,3247.92116
-37.25912,100,3249.752789
-37.577192,100,3251.61265
-36.23792,100,3253.52003
-38.926718,100,3255.416939
-39.091231,100,3257.361616
-36.106654,100,3259.277418
-37.20474,100,3261.145518
-37.066564,100,3263.020423
-36.566914,100,3265.079161
-39.160127,100,3266.978078
-37.491806,100,3268.829468
-39.603724,100,3270.675476
-49.36578,100,3272.678781
-38.756735,100,3274.557845
-37.701791,100,3276.791001
-38.540054,100,3279.036481
-38.777821,100,3281.93955
-39.418183,100,3283.990712
-39.813291,100,3286.040193
-39.028791,100,3287.896562
-36.713372,100,3289.640045
-36.997848,100,3291.342401
-37.914363,100,3293.075806
-36.311221,100,3294.944849
-37.708566,100,3296.725789
-38.73642,100,3298.671288
-38.377999,100,3300.602339
-39.566956,100,3302.520401
-38.692124,100,3304.560272
-37.341289,100,3306.476836
-38.118427,100,3308.331188
-38.308811,100,3310.123909
-39.643275,100,3312.083935
-37.699485,100,3314.562232
-38.69189,100,3316.779953
-36.299008,100,3318.633459
-38.446898,100,3320.607264
-45.38808,100,3322.493531
-38.186954,100,3324.523191
-38.387777,100,3326.403521
-38.106983,100,3328.382044
-40.187393,100,3330.471301
-37.840132,100,3332.41947
-39.670508,100,3334.960369
-39.075888,100,3336.910781
-38.78163,100,3338.844237
-37.911802,100,3340.70281
-38.956168,100,3342.596258
-39.687178,100,3344.396473
-40.594457,100,3346.460343
-39.090696,100,3348.376816
-43.360012,100,3350.216804
-38.846001,100,3352.15533
-35.855341,100,3353.970663
-37.728762,100,3355.796641
-42.120754,100,3357.657697
-40.172143,100,3359.453898
-37.48331,100,3361.293099
-37.562953,100,3363.1378
-36.75683,100,3365.104902
-40.010325,100,3366.998524
-37.853891,100,3368.889925
-48.507299,100,3370.828214
-37.860503,100,3372.709482
-43.343087,100,3374.592637
-37.10326,100,3376.411077
-39.545292,100,3378.269896
-39.283849,100,3380.163978
-37.515337,100,3381.959609
-38.39256,100,3383.959249
-37.495198,100,3385.653413
-36.463177,100,3387.345049
-37.44161,100,3389.090287
-36.434383,100,3390.923328
-37.717092,100,3392.73944
-37.64332,100,3394.638401
-39.777522,100,3396.490273
-36.239582,100,3398.391397
-49.867751,100,3400.305469
-36.774779,100,3402.316125
-36.402066,100,3404.126276
-37.568839,100,3405.880214
-37.669308,100,3407.744009
-36.461767,100,3409.552521
-43.180897,100,3411.521658
-37.070227,100,3413.374291
-38.86918,100,3415.23349
-37.828068,100,3417.118692
-39.966414,100,3418.932455
-39.431039,100,3420.813533
-36.956102,100,3422.707879
-37.628672,100,3424.434321
-39.328653,100,3426.106722
-42.257825,100,3427.859958
-38.481213,100,3429.616549
-36.060816,100,3431.334857
-37.613753,100,3433.187654
-37.515308,100,3435.023877
-37.425243,100,3436.969962
-50.510025,100,3439.063267
-39.42576,100,3441.237404
-43.651833,100,3443.142772
-41.168288,100,3444.94244
-39.302868,100,3446.841159
-37.990852,100,3448.691266
-36.818777,100,3450.47684
-39.528602,100,3452.455781
-39.999378,100,3454.37081
-36.761103,100,3456.214501
-37.492372,100,3458.053684
-40.425207,100,3460.089993
-37.749711,100,3461.880318
-37.978908,100,3463.598732
-37.704753,100,3465.313168
-38.083424,100,3466.989845
-38.442213,100,3468.786365
-40.02772,100,3470.681584
-39.007157,100,3472.68919
-35.90255,100,3474.636047
-37.159381,100,3476.499272
-40.132085,100,3478.43383
-37.360454,100,3480.300767
-38.830328,100,3482.133686
-41.662252,100,3483.975466
-38.443511,100,3485.864399
-37.885786,100,3487.750963
-36.127738,100,3489.676261
-40.477891,100,3491.659235
-39.521761,100,3493.519753
-39.037487,100,3495.424488
-37.700145,100,3497.428246
-41.267247,100,3499.559405
-38.796013,100,3501.491091
-37.422087,100,3503.25542
-39.944867,100,3505.155795
-38.546198,100,3506.932852
-41.564575,100,3508.852636
-39.086731,100,3510.758957
-38.814839,100,3512.582372
-36.235616,100,3514.49661
-39.667219,100,3516.242565
-37.731037,100,3518.281941
-38.958061,100,3520.061767
-46.552201,100,3521.865962
-38.57591,100,3523.704596
-38.483835,100,3525.560524
-37.777759,100,3527.527577
-36.177973,100,3529.443048
-38.218369,100,3531.362841
-36.940582,100,3533.241465
-37.293308,100,3535.053332
-40.042421,100,3537.091034
-38.368418,100,3538.991773
-37.314613,100,3540.876602
-36.772334,100,3542.687526
-36.048132,100,3544.490979
-36.452521,100,3546.367433
-39.589799,100,3548.303364
-38.566437,100,3550.49273
-37.633255,100,3552.49803
-37.965003,100,3554.41643
-37.877241,100,3557.096417
-39.201496,100,3558.920875
-36.878791,100,3560.760145
-36.24683,100,3562.639831
-38.752648,100,3564.487558
-36.001371,100,3566.348619
-36.44614,100,3568.177693
-37.550564,100,3570.049567
-38.963423,100,3571.929028
-37.706399,100,3573.72562
-42.97203,100,3575.597704
-40.536964,100,3577.579412
-40.662409,100,3579.674056
-38.097582,100,3581.785835
-41.259372,100,3583.751036
-38.732597,100,3585.73318
-38.828541,100,3587.673247
-37.525972,100,3589.932448
-42.756375,100,3591.799102
-39.423922,100,3594.062515
-38.576408,100,3596.064605
-38.107144,100,3598.126034
-40.600784,100,3599.954625
-37.815744,100,3601.76872
-37.279742,100,3603.536295
-40.050806,100,3605.322406
-49.03938,100,3607.396328
-36.995928,100,3609.697276
-44.949328,100,3611.635881
-40.284221,100,3613.449129
-38.095447,100,3615.611054
-38.789486,100,3617.845731
-37.417773,100,3619.80445
-46.026313,100,3621.623186
-38.98578,100,3623.438906
-38.351637,100,3625.385426
-38.061492,100,3627.213712
-39.258557,100,3629.066806
-37.14542,100,3630.823148
-37.793422,100,3632.675066
-38.492274,100,3634.514175
-38.650772,100,3636.600411
-36.651552,100,3638.412726
-39.349153,100,3640.258828
-38.472934,100,3642.231139
-37.482461,100,3644.070893
-37.13171,100,3645.989954
-39.32975,100,3647.91604
-40.563583,100,3649.854996
-37.364109,100,3651.69766
-37.423342,100,3653.961022
-41.03046,100,3656.05131
-38.389103,100,3658.003332
-37.019573,100,3659.812575
-36.476832,100,3661.606184
-39.411301,100,3663.28749
-38.203165,100,3664.995443
-37.750662,100,3666.651843
-38.996053,100,3668.522628
-38.228515,100,3670.41923
-39.070669,100,3672.358588
-38.108806,100,3674.206162
-39.286435,100,3676.276307
-37.230691,100,3678.013116
-38.887248,100,3679.852889
-37.036774,100,3681.659873
-37.360221,100,3683.529373
-40.920788,100,3685.445234
-40.861989,100,3687.24313
-38.64206,100,3689.05671
-39.473607,100,3690.971909
-37.299027,100,3692.701198
-38.926747,100,3694.658466
-38.709068,100,3696.534132
-38.301238,100,3698.393252
-41.496752,100,3700.313521
-37.646663,100,3702.114767
-40.181032,100,3704.044154
-47.641618,100,3705.983767
-39.542336,100,3707.755332
-38.178641,100,3709.703601
-38.177833,100,3711.625139
-36.851664,100,3713.689723
-37.395518,100,3715.52248
-37.724993,100,3717.386535
-38.912524,100,3719.203466
-38.834532,100,3721.057326
-38.19864,100,3722.906549
-38.970367,100,3724.568197
-38.586202,100,3726.521579
-36.774894,100,3728.418051
-39.796371,100,3730.25351
-38.80635,100,3732.192146
-38.854655,100,3734.040287
-38.507979,100,3735.897771
-41.646233,100,3737.666505
-37.255766,100,3739.512157
-40.014387,100,3741.356917
-38.252234,100,3743.127824
-36.749519,100,3745.23242
-39.185674,100,3747.587964
-42.601457,100,3750.11441
-42.907151,100,3752.24701
-39.917939,100,3754.347053
-37.203649,100,3756.250612
-37.481717,100,3758.410747
-36.552808,100,3760.499372
-37.490553,100,3762.463651
-40.14922,100,3764.390027
-38.860392,100,3766.328689
-39.410205,100,3768.208486
-39.551588,100,3770.07203
-38.56681,100,3771.909877
-40.083608,100,3773.919665
-39.512674,100,3775.712758
-37.44826,100,3777.535202
-40.064651,100,3779.403095
-37.322324,100,3781.283292
-39.414556,100,3783.188251
-38.175619,100,3785.094436
-39.575657,100,3787.154777
-39.049384,100,3789.526413
-38.542177,100,3791.696149
-37.107268,100,3794.121477
-38.48641,100,3796.252789
-36.09902,100,3798.571772
-40.015127,100,3800.853069
-38.550381,100,3803.172693
-37.661051,100,3805.242314
-42.52736,100,3807.378635
-41.692719,100,3809.51551
-36.027698,100,3811.657227
-37.793625,100,3813.840693
-38.822083,100,3816.193348
-38.568743,100,3818.487424
-37.914239,100,3820.633361
-39.341414,100,3822.900214
-38.82395,100,3824.987741
-38.832417,100,3827.275744
-39.49147,100,3829.423811
-38.532166,100,3831.564009
-38.562154,100,3833.662263
-39.922391,100,3835.70607
-38.644409,100,3837.774529
-40.42322,100,3839.886538
-38.525295,100,3842.040386
-39.620158,100,3844.481406
-38.164137,100,3846.726276
-38.05874,100,3849.154421
-41.319412,100,3851.410779
-38.676414,100,3853.504563
-40.94956,100,3855.68246
-39.37155,100,3858.021919
-37.081368,100,3860.32443
-38.78899,100,3862.762471
-39.093273,100,3865.094106
-41.439778,100,3867.311562
-37.839505,100,3869.513473
-39.961893,100,3871.755862
-39.480507,100,3874.010236
-38.431049,100,3876.234364
-38.043742,100,3878.510524
-38.676248,100,3880.664567
-38.591337,100,3882.97217
-40.993296,100,3885.130271
-38.558951,100,3887.219216
-37.728396,100,3889.317887
-39.222806,100,3891.270143
-39.58745,100,3893.221928
-41.312047,100,3895.191448
-38.931331,100,3897.081155
-38.693939,100,3899.023607
-37.64224,100,3900.945899
-38.602915,100,3902.90027
-37.833465,100,3905.044661
-36.787558,100,3906.998514
-40.272723,100,3908.842167
-38.696829,100,3910.664962
-44.790958,100,3912.663811
-48.28917,100,3914.640282
-37.444241,100,3916.635167
-36.952666,100,3918.580716
-38.227384,100,3920.561759
-38.638039,100,3922.566887
-39.402158,100,3924.538785
-36.94733,100,3926.792788
-39.769698,100,3928.979601
-39.973051,100,3931.103103
-40.659457,100,3933.411372
-39.420635,100,3935.621704
-38.154246,100,3937.744682
-43.40569,100,3939.914703
-41.23169,100,3942.211602
-38.832268,100,3944.488147
-38.834758,100,3946.870183
-41.921437,100,3949.207664
-37.471936,100,3951.320809
-39.418297,100,3953.594372
-40.408091,100,3955.909615
-37.026174,100,3958.224272
-39.005816,100,3960.748757
-37.28759,100,3963.039706
-38.576649,100,3965.194765
-37.452671,100,3967.347242
-38.397587,100,3969.381913
-37.99867,100,3971.613763
-38.992263,100,3973.824753
-46.656579,100,3976.08195
-42.233911,100,3978.110394
-38.960114,100,3980.208669
-37.029339,100,3982.298366
-37.480736,100,3984.549478
-39.352826,100,3986.701185
-39.427993,100,3988.74898
-37.785406,100,3991.052586
-38.661226,100,3993.483897
-39.589378,100,3995.549805
-38.727277,100,3997.669843
-38.093938,100,3999.752632
-38.099743,100,4001.940041
-39.428387,100,4004.027813
-38.503057,100,4006.08916
-39.083303,100,4008.347318
-39.174577,100,4010.572093
-38.621068,100,4012.757216
-39.410788,100,4014.807947
-39.377125,100,4017.103706
-38.561245,100,4019.169966
-42.289997,100,4021.234854
-43.246439,100,4023.400972
-36.947977,100,4025.735094
-41.594274,100,4027.552085
-38.093124,100,4029.298425
-39.879408,100,4031.329942
-40.399647,100,4033.156677
-37.160225,100,4035.063759
-38.559312,100,4037.214085
-38.986006,100,4039.155776
-38.036125,100,4041.132978
-38.905622,100,4043.099637
-38.283496,100,4045.065734
-38.705761,100,4047.104939
-37.617205,100,4049.103697
-37.958563,100,4051.106228
-39.626388,100,4053.096626
-39.344168,100,4055.104875
-36.593202,100,4057.270536
-42.511635,100,4059.433986
-39.555286,100,4061.500459
-42.467854,100,4063.838829
-37.436923,100,4066.232594
-36.97092,100,4068.596188
-38.762687,100,4070.810885
-40.556955,100,4073.19629
-38.169739,100,4075.580103
-40.95335,100,4078.076725
-38.919875,100,4080.24351
-38.930163,100,4082.318299
-37.765713,100,4084.401414
-38.632478,100,4086.48956
-37.172949,100,4088.618985
-40.592105,100,4090.886746
-41.189691,100,4093.203141
-39.131206,100,4095.502697
-38.36008,100,4097.783014
-38.365617,100,4100.044422
-41.668273,100,4102.278349
-38.945928,100,4104.715154
-39.269698,100,4106.835691
-39.048912,100,4109.003869
-39.679844,100,4111.076662
-39.871582,100,4113.492996
-43.541969,100,4115.654341
-40.674218,100,4117.562784
-37.85238,100,4119.532176
-40.034355,100,4121.526443
-38.664679,100,4123.730643
-40.653478,100,4125.976404
-42.67168,100,4127.918864
-39.645858,100,4129.915764
-38.956567,100,4132.035258
-40.219593,100,4134.197888
-38.594694,100,4136.541757
-39.106168,100,4138.713663
-39.739974,100,4140.795578
-38.456559,100,4142.868669
-38.749864,100,4144.960172
-39.56423,100,4147.131818
-39.186991,100,4149.306306
-37.653213,100,4151.332944
-39.290626,100,4153.440985
-37.464584,100,4155.716454
-37.30398,100,4157.890892
-39.643697,100,4159.85717
-39.044238,100,4161.905941
-39.366815,100,4163.972754
-38.224355,100,4165.896893
-39.932335,100,4168.127351
-39.305618,100,4170.126613
-43.113162,100,4172.090035
-39.347344,100,4174.043562
-40.118765,100,4176.000842
-39.627845,100,4177.9436
-38.694006,100,4179.9667
-37.673739,100,4182.017403
-38.195712,100,4183.999575
-38.920318,100,4185.982038
-39.044733,100,4188.167272
-38.435791,100,4190.087958
-39.381479,100,4192.071106
-39.808679,100,4194.011056
-39.506737,100,4195.926944
-38.045552,100,4197.864254
-37.512178,100,4199.947872
-39.206318,100,4202.199626
-38.417969,100,4204.45733
-37.768831,100,4206.734328
-37.472489,100,4208.857083
-38.067202,100,4211.119635
-38.507717,100,4213.407173
-40.322386,100,4215.595336
-42.012713,100,4217.945192
-41.893922,100,4219.943734
-39.675206,100,4221.945077
-40.544671,100,4223.97134
-39.571746,100,4226.303766
-40.894503,100,4228.511488
-39.739902,100,4230.662438
-39.709246,100,4233.897815
-40.154613,100,4236.014936
-43.238832,100,4238.088423
-39.272899,100,4240.064666
-40.448242,100,4242.058287
-39.358056,100,4244.136326
-41.214945,100,4246.369804
-36.276784,100,4248.457891
-37.908749,100,4250.527239
-40.149311,100,4252.781168
-40.399903,100,4255.00818
-39.401466,100,4257.222941
-39.34032,100,4259.550304
-38.622495,100,4262.010742
-37.969436,100,4264.456044
-38.829342,100,4266.546382
-40.341879,100,4268.636113
-39.351795,100,4270.835409
-38.668837,100,4273.22401
-38.892317,100,4275.353911
-37.725048,100,4277.653025
-38.25697,100,4279.832256
-39.55978,100,4282.044577
-38.925718,100,4284.269886
-41.909917,100,4286.555683
-38.987923,100,4288.923443
-40.955075,100,4291.153442
-39.224279,100,4293.419016
-38.742854,100,4295.624507
-36.937797,100,4298.005512
-41.06298,100,4300.178418
-37.751816,100,4302.268975
-38.740274,100,4304.108239
-39.733961,100,4306.019375
-38.381341,100,4307.860213
-38.959084,100,4309.799332
-38.727676,100,4311.806771
-40.26671,100,4313.723051
-39.01273,100,4315.648165
-39.774574,100,4317.564928
-38.694652,100,4319.479895
-38.52723,100,4321.373097
-38.009963,100,4323.275065
-40.174352,100,4325.274296
-40.950535,100,4327.190114
-40.160434,100,4329.105705
-38.38153,100,4331.020367
-39.237983,100,4332.993383
-38.692165,100,4335.107024
-38.067258,100,4337.279131
